24001000,1,"MP 10 소비,최대 4명의 적에게 121% 데미지로 2번 공격"
24001000,2,"MP 10 소비,최대 4명의 적에게 124% 데미지로 2번 공격"
24001000,3,"MP 10 소비,최대 4명의 적에게 127% 데미지로 2번 공격"
24001000,4,"MP 10 소비,최대 4명의 적에게 130% 데미지로 2번 공격"
24001000,5,"MP 11 소비,최대 4명의 적에게 133% 데미지로 2번 공격"
24001000,6,"MP 11 소비,최대 4명의 적에게 136% 데미지로 2번 공격"
24001000,7,"MP 11 소비,최대 4명의 적에게 139% 데미지로 2번 공격"
24001000,8,"MP 11 소비,최대 4명의 적에게 142% 데미지로 2번 공격"
24001000,9,"MP 11 소비,최대 4명의 적에게 145% 데미지로 2번 공격"
24001000,10,"MP 12 소비,최대 4명의 적에게 148% 데미지로 2번 공격"
24001000,11,"MP 12 소비,최대 4명의 적에게 151% 데미지로 2번 공격"
24001000,12,"MP 12 소비,최대 4명의 적에게 154% 데미지로 2번 공격"
24001000,13,"MP 12 소비,최대 4명의 적에게 157% 데미지로 2번 공격"
24001000,14,"MP 12 소비,최대 4명의 적에게 160% 데미지로 2번 공격"
24001000,15,"MP 13 소비,최대 4명의 적에게 163% 데미지로 2번 공격"
24001000,16,"MP 13 소비,최대 4명의 적에게 166% 데미지로 2번 공격"
24001000,17,"MP 13 소비,최대 4명의 적에게 169% 데미지로 2번 공격"
24001000,18,"MP 13 소비,최대 4명의 적에게 172% 데미지로 2번 공격"
24001000,19,"MP 13 소비,최대 4명의 적에게 175% 데미지로 2번 공격"
24001000,20,"MP 14 소비,최대 4명의 적에게 178% 데미지로 2번 공격"
24001001,1,사용 시 세팅된 스킬의 MP 소비량만큼 MP를 소비.\n훔친 스킬의 레벨은 1 레벨을 넘을 수 없음
24001001,2,사용 시 세팅된 스킬의 MP 소비량만큼 MP를 소비.\n훔친 스킬의 레벨은 2 레벨을 넘을 수 없음
24001001,3,사용 시 세팅된 스킬의 MP 소비량만큼 MP를 소비.\n훔친 스킬의 레벨은 3 레벨을 넘을 수 없음
24001001,4,사용 시 세팅된 스킬의 MP 소비량만큼 MP를 소비.\n훔친 스킬의 레벨은 4 레벨을 넘을 수 없음
24001001,5,사용 시 세팅된 스킬의 MP 소비량만큼 MP를 소비.\n훔친 스킬의 레벨은 5 레벨을 넘을 수 없음
24001001,6,사용 시 세팅된 스킬의 MP 소비량만큼 MP를 소비.\n훔친 스킬의 레벨은 6 레벨을 넘을 수 없음
24001001,7,사용 시 세팅된 스킬의 MP 소비량만큼 MP를 소비.\n훔친 스킬의 레벨은 7 레벨을 넘을 수 없음
24001001,8,사용 시 세팅된 스킬의 MP 소비량만큼 MP를 소비.\n훔친 스킬의 레벨은 8 레벨을 넘을 수 없음
24001001,9,사용 시 세팅된 스킬의 MP 소비량만큼 MP를 소비.\n훔친 스킬의 레벨은 9 레벨을 넘을 수 없음
24001001,10,사용 시 세팅된 스킬의 MP 소비량만큼 MP를 소비.\n훔친 스킬의 레벨은 10 레벨을 넘을 수 없음
24001001,11,사용 시 세팅된 스킬의 MP 소비량만큼 MP를 소비.\n훔친 스킬의 레벨은 11 레벨을 넘을 수 없음
24001001,12,사용 시 세팅된 스킬의 MP 소비량만큼 MP를 소비.\n훔친 스킬의 레벨은 12 레벨을 넘을 수 없음
24001001,13,사용 시 세팅된 스킬의 MP 소비량만큼 MP를 소비.\n훔친 스킬의 레벨은 13 레벨을 넘을 수 없음
24001001,14,사용 시 세팅된 스킬의 MP 소비량만큼 MP를 소비.\n훔친 스킬의 레벨은 14 레벨을 넘을 수 없음
24001001,15,사용 시 세팅된 스킬의 MP 소비량만큼 MP를 소비.\n훔친 스킬의 레벨은 15 레벨을 넘을 수 없음
24001001,16,사용 시 세팅된 스킬의 MP 소비량만큼 MP를 소비.\n훔친 스킬의 레벨은 16 레벨을 넘을 수 없음
24001001,17,사용 시 세팅된 스킬의 MP 소비량만큼 MP를 소비.\n훔친 스킬의 레벨은 17 레벨을 넘을 수 없음
24001001,18,사용 시 세팅된 스킬의 MP 소비량만큼 MP를 소비.\n훔친 스킬의 레벨은 18 레벨을 넘을 수 없음
24001001,19,사용 시 세팅된 스킬의 MP 소비량만큼 MP를 소비.\n훔친 스킬의 레벨은 19 레벨을 넘을 수 없음
24001001,20,사용 시 세팅된 스킬의 MP 소비량만큼 MP를 소비.\n훔친 스킬의 레벨은 20 레벨을 넘을 수 없음
24001002,1,"MP 34 소비, 일정 거리 점프\n[패시브 효과 : 이동속도 7 증가, 최대 이동속도 6 증가, 점프력 6 증가]"
24001002,2,"MP 33 소비, 일정 거리 점프\n[패시브 효과 : 이동속도 9 증가, 최대 이동속도 7 증가, 점프력 7 증가]"
24001002,3,"MP 32 소비, 일정 거리 점프\n[패시브 효과 : 이동속도 11 증가, 최대 이동속도 8 증가, 점프력 8 증가]"
24001002,4,"MP 31 소비, 일정 거리 점프\n[패시브 효과 : 이동속도 13 증가, 최대 이동속도 9 증가, 점프력 9 증가]"
24001002,5,"MP 30 소비, 일정 거리 점프\n[패시브 효과 : 이동속도 15 증가, 최대 이동속도 10 증가, 점프력 10 증가]"
24001002,6,"MP 29 소비, 일정 거리 점프\n[패시브 효과 : 이동속도 17 증가, 최대 이동속도 11 증가, 점프력 11 증가]"
24001002,7,"MP 28 소비, 일정 거리 점프\n[패시브 효과 : 이동속도 19 증가, 최대 이동속도 12 증가, 점프력 12 증가]"
24001002,8,"MP 27 소비, 일정 거리 점프\n[패시브 효과 : 이동속도 21 증가, 최대 이동속도 13 증가, 점프력 13 증가]"
24001002,9,"MP 26 소비, 일정 거리 점프\n[패시브 효과 : 이동속도 23 증가, 최대 이동속도 14 증가, 점프력 14 증가]"
24001002,10,"MP 25 소비, 일정 거리 점프\n[패시브 효과 : 이동속도 25 증가, 최대 이동속도 15 증가, 점프력 15 증가]"
24001002,11,"MP 24 소비, 일정 거리 점프\n[패시브 효과 : 이동속도 27 증가, 최대 이동속도 16 증가, 점프력 16 증가]"
24001002,12,"MP 23 소비, 일정 거리 점프\n[패시브 효과 : 이동속도 29 증가, 최대 이동속도 17 증가, 점프력 17 증가]"
24001002,13,"MP 22 소비, 일정 거리 점프\n[패시브 효과 : 이동속도 31 증가, 최대 이동속도 18 증가, 점프력 18 증가]"
24001002,14,"MP 21 소비, 일정 거리 점프\n[패시브 효과 : 이동속도 33 증가, 최대 이동속도 19 증가, 점프력 19 증가]"
24001002,15,"MP 20 소비, 일정 거리 점프\n[패시브 효과 : 이동속도 35 증가, 최대 이동속도 20 증가, 점프력 20 증가]"
24001005,1,
24001005,2,
24001005,3,
24001005,4,
24001005,5,
24001005,6,
24001005,7,
24001005,8,
24001005,9,
24001005,10,
24001005,11,
24001005,12,
24001005,13,
24001005,14,
24001005,15,
24000003,1,회피율 2% 증가
24000003,2,회피율 4% 증가
24000003,3,회피율 6% 증가
24000003,4,회피율 8% 증가
24000003,5,회피율 10% 증가
24000003,6,회피율 12% 증가
24000003,7,회피율 14% 증가
24000003,8,회피율 16% 증가
24000003,9,회피율 18% 증가
24000003,10,회피율 20% 증가
24000004,1,
24101000,1,"MP 15 소비, 최대 4명의 적을 132%의 데미지로 3번 공격"
24101000,2,"MP 15 소비, 최대 4명의 적을 134%의 데미지로 3번 공격"
24101000,3,"MP 15 소비, 최대 4명의 적을 136%의 데미지로 3번 공격"
24101000,4,"MP 15 소비, 최대 4명의 적을 138%의 데미지로 3번 공격"
24101000,5,"MP 15 소비, 최대 4명의 적을 140%의 데미지로 3번 공격"
24101000,6,"MP 17 소비, 최대 4명의 적을 142%의 데미지로 3번 공격"
24101000,7,"MP 17 소비, 최대 4명의 적을 144%의 데미지로 3번 공격"
24101000,8,"MP 17 소비, 최대 4명의 적을 146%의 데미지로 3번 공격"
24101000,9,"MP 17 소비, 최대 4명의 적을 148%의 데미지로 3번 공격"
24101000,10,"MP 17 소비, 최대 4명의 적을 150%의 데미지로 3번 공격"
24101000,11,"MP 17 소비, 최대 4명의 적을 152%의 데미지로 3번 공격"
24101000,12,"MP 19 소비, 최대 4명의 적을 154%의 데미지로 3번 공격"
24101000,13,"MP 19 소비, 최대 4명의 적을 156%의 데미지로 3번 공격"
24101000,14,"MP 19 소비, 최대 4명의 적을 158%의 데미지로 3번 공격"
24101000,15,"MP 19 소비, 최대 4명의 적을 160%의 데미지로 3번 공격"
24101000,16,"MP 19 소비, 최대 4명의 적을 162%의 데미지로 3번 공격"
24101000,17,"MP 19 소비, 최대 4명의 적을 164%의 데미지로 3번 공격"
24101000,18,"MP 21 소비, 최대 4명의 적을 166%의 데미지로 3번 공격"
24101000,19,"MP 21 소비, 최대 4명의 적을 168%의 데미지로 3번 공격"
24101000,20,"MP 21 소비, 최대 4명의 적을 170%의 데미지로 3번 공격"
24101001,1,사용 시 세팅된 스킬의 MP 소비량만큼 MP를 소비.\n훔친 스킬의 레벨은 1 레벨을 넘을 수 없음
24101001,2,사용 시 세팅된 스킬의 MP 소비량만큼 MP를 소비.\n훔친 스킬의 레벨은 2 레벨을 넘을 수 없음
24101001,3,사용 시 세팅된 스킬의 MP 소비량만큼 MP를 소비.\n훔친 스킬의 레벨은 3 레벨을 넘을 수 없음
24101001,4,사용 시 세팅된 스킬의 MP 소비량만큼 MP를 소비.\n훔친 스킬의 레벨은 4 레벨을 넘을 수 없음
24101001,5,사용 시 세팅된 스킬의 MP 소비량만큼 MP를 소비.\n훔친 스킬의 레벨은 5 레벨을 넘을 수 없음
24101001,6,사용 시 세팅된 스킬의 MP 소비량만큼 MP를 소비.\n훔친 스킬의 레벨은 6 레벨을 넘을 수 없음
24101001,7,사용 시 세팅된 스킬의 MP 소비량만큼 MP를 소비.\n훔친 스킬의 레벨은 7 레벨을 넘을 수 없음
24101001,8,사용 시 세팅된 스킬의 MP 소비량만큼 MP를 소비.\n훔친 스킬의 레벨은 8 레벨을 넘을 수 없음
24101001,9,사용 시 세팅된 스킬의 MP 소비량만큼 MP를 소비.\n훔친 스킬의 레벨은 9 레벨을 넘을 수 없음
24101001,10,사용 시 세팅된 스킬의 MP 소비량만큼 MP를 소비.\n훔친 스킬의 레벨은 10 레벨을 넘을 수 없음
24101001,11,사용 시 세팅된 스킬의 MP 소비량만큼 MP를 소비.\n훔친 스킬의 레벨은 11 레벨을 넘을 수 없음
24101001,12,사용 시 세팅된 스킬의 MP 소비량만큼 MP를 소비.\n훔친 스킬의 레벨은 12 레벨을 넘을 수 없음
24101001,13,사용 시 세팅된 스킬의 MP 소비량만큼 MP를 소비.\n훔친 스킬의 레벨은 13 레벨을 넘을 수 없음
24101001,14,사용 시 세팅된 스킬의 MP 소비량만큼 MP를 소비.\n훔친 스킬의 레벨은 14 레벨을 넘을 수 없음
24101001,15,사용 시 세팅된 스킬의 MP 소비량만큼 MP를 소비.\n훔친 스킬의 레벨은 15 레벨을 넘을 수 없음
24101001,16,사용 시 세팅된 스킬의 MP 소비량만큼 MP를 소비.\n훔친 스킬의 레벨은 16 레벨을 넘을 수 없음
24101001,17,사용 시 세팅된 스킬의 MP 소비량만큼 MP를 소비.\n훔친 스킬의 레벨은 17 레벨을 넘을 수 없음
24101001,18,사용 시 세팅된 스킬의 MP 소비량만큼 MP를 소비.\n훔친 스킬의 레벨은 18 레벨을 넘을 수 없음
24101001,19,사용 시 세팅된 스킬의 MP 소비량만큼 MP를 소비.\n훔친 스킬의 레벨은 19 레벨을 넘을 수 없음
24101001,20,사용 시 세팅된 스킬의 MP 소비량만큼 MP를 소비.\n훔친 스킬의 레벨은 20 레벨을 넘을 수 없음
24101002,1,"MP 24 소비, 전방의 10명의 적을 208%의 데미지로 공격하면서 뒤로 밀쳐냄"
24101002,2,"MP 24 소비, 전방의 10명의 적을 216%의 데미지로 공격하면서 뒤로 밀쳐냄"
24101002,3,"MP 24 소비, 전방의 10명의 적을 224%의 데미지로 공격하면서 뒤로 밀쳐냄"
24101002,4,"MP 28 소비, 전방의 10명의 적을 232%의 데미지로 공격하면서 뒤로 밀쳐냄"
24101002,5,"MP 28 소비, 전방의 10명의 적을 240%의 데미지로 공격하면서 뒤로 밀쳐냄"
24101002,6,"MP 28 소비, 전방의 10명의 적을 248%의 데미지로 공격하면서 뒤로 밀쳐냄"
24101002,7,"MP 32 소비, 전방의 10명의 적을 256%의 데미지로 공격하면서 뒤로 밀쳐냄"
24101002,8,"MP 32 소비, 전방의 10명의 적을 264%의 데미지로 공격하면서 뒤로 밀쳐냄"
24101002,9,"MP 32 소비, 전방의 10명의 적을 272%의 데미지로 공격하면서 뒤로 밀쳐냄"
24101002,10,"MP 36 소비, 전방의 10명의 적을 280%의 데미지로 공격하면서 뒤로 밀쳐냄"
24101002,11,"MP 36 소비, 전방의 10명의 적을 288%의 데미지로 공격하면서 뒤로 밀쳐냄"
24101002,12,"MP 36 소비, 전방의 10명의 적을 296%의 데미지로 공격하면서 뒤로 밀쳐냄"
24101002,13,"MP 40 소비, 전방의 10명의 적을 304%의 데미지로 공격하면서 뒤로 밀쳐냄"
24101002,14,"MP 40 소비, 전방의 10명의 적을 312%의 데미지로 공격하면서 뒤로 밀쳐냄"
24101002,15,"MP 40 소비, 전방의 10명의 적을 320%의 데미지로 공격하면서 뒤로 밀쳐냄"
24100003,1,팬텀의 공격이 크리티컬로 성공할 때 6%의 확률로 카드가 나와 주위 적을 106%의 데미지로 자동 공격하고 #c카드 스택 수치 1증가#
24100003,2,팬텀의 공격이 크리티컬로 성공할 때 12%의 확률로 카드가 나와 주위 적을 112%의 데미지로 자동 공격하고 #c카드 스택 수치 1증가#
24100003,3,팬텀의 공격이 크리티컬로 성공할 때 18%의 확률로 카드가 나와 주위 적을 118%의 데미지로 자동 공격하고 #c카드 스택 수치 1증가#
24100003,4,팬텀의 공격이 크리티컬로 성공할 때 24%의 확률로 카드가 나와 주위 적을 124%의 데미지로 자동 공격하고 #c카드 스택 수치 1증가#
24100003,5,팬텀의 공격이 크리티컬로 성공할 때 30%의 확률로 카드가 나와 주위 적을 130%의 데미지로 자동 공격하고 #c카드 스택 수치 1증가#
24100003,6,팬텀의 공격이 크리티컬로 성공할 때 36%의 확률로 카드가 나와 주위 적을 136%의 데미지로 자동 공격하고 #c카드 스택 수치 1증가#
24100003,7,팬텀의 공격이 크리티컬로 성공할 때 42%의 확률로 카드가 나와 주위 적을 142%의 데미지로 자동 공격하고 #c카드 스택 수치 1증가#
24100003,8,팬텀의 공격이 크리티컬로 성공할 때 48%의 확률로 카드가 나와 주위 적을 148%의 데미지로 자동 공격하고 #c카드 스택 수치 1증가#
24100003,9,팬텀의 공격이 크리티컬로 성공할 때 54%의 확률로 카드가 나와 주위 적을 154%의 데미지로 자동 공격하고 #c카드 스택 수치 1증가#
24100003,10,팬텀의 공격이 크리티컬로 성공할 때 60%의 확률로 카드가 나와 주위 적을 160%의 데미지로 자동 공격하고 #c카드 스택 수치 1증가#
24100005,1,"공격 속도 2단계, 행운 2 증가"
24100005,2,"공격 속도 2단계, 행운 4 증가"
24100005,3,"공격 속도 2단계, 행운 6 증가"
24100005,4,"공격 속도 2단계, 행운 8 증가"
24100005,5,"공격 속도 2단계, 행운 10 증가"
24100005,6,"공격 속도 2단계, 행운 12 증가"
24100005,7,"공격 속도 2단계, 행운 14 증가"
24100005,8,"공격 속도 2단계, 행운 16 증가"
24100005,9,"공격 속도 2단계, 행운 18 증가"
24100005,10,"공격 속도 2단계, 행운 20 증가"
24100004,1,케인 숙련도 14% 증가
24100004,2,케인 숙련도 18% 증가
24100004,3,케인 숙련도 22% 증가
24100004,4,케인 숙련도 26% 증가
24100004,5,케인 숙련도 30% 증가
24100004,6,케인 숙련도 34% 증가
24100004,7,케인 숙련도 38% 증가
24100004,8,케인 숙련도 42% 증가
24100004,9,케인 숙련도 46% 증가
24100004,10,케인 숙련도 50% 증가
24100006,1,영구적으로 행운 12 증가
24100006,2,영구적으로 행운 18 증가
24100006,3,영구적으로 행운 24 증가
24100006,4,영구적으로 행운 30 증가
24100006,5,영구적으로 행운 36 증가
24100006,6,영구적으로 행운 42 증가
24100006,7,영구적으로 행운 48 증가
24100006,8,영구적으로 행운 54 증가
24100006,9,영구적으로 행운 60 증가
24111000,1,"MP 25 소비, 최대 8명의 적을 244%의 데미지로 4번 공격"
24111000,2,"MP 25 소비, 최대 8명의 적을 248%의 데미지로 4번 공격"
24111000,3,"MP 25 소비, 최대 8명의 적을 252%의 데미지로 4번 공격"
24111000,4,"MP 26 소비, 최대 8명의 적을 256%의 데미지로 4번 공격"
24111000,5,"MP 26 소비, 최대 8명의 적을 260%의 데미지로 4번 공격"
24111000,6,"MP 26 소비, 최대 8명의 적을 264%의 데미지로 4번 공격"
24111000,7,"MP 26 소비, 최대 8명의 적을 268%의 데미지로 4번 공격"
24111000,8,"MP 27 소비, 최대 8명의 적을 272%의 데미지로 4번 공격"
24111000,9,"MP 27 소비, 최대 8명의 적을 276%의 데미지로 4번 공격"
24111000,10,"MP 27 소비, 최대 8명의 적을 280%의 데미지로 4번 공격"
24111000,11,"MP 27 소비, 최대 8명의 적을 284%의 데미지로 4번 공격"
24111000,12,"MP 28 소비, 최대 8명의 적을 288%의 데미지로 4번 공격"
24111000,13,"MP 28 소비, 최대 8명의 적을 292%의 데미지로 4번 공격"
24111000,14,"MP 28 소비, 최대 8명의 적을 296%의 데미지로 4번 공격"
24111000,15,"MP 28 소비, 최대 8명의 적을 300%의 데미지로 4번 공격"
24111000,16,"MP 29 소비, 최대 8명의 적을 304%의 데미지로 4번 공격"
24111000,17,"MP 29 소비, 최대 8명의 적을 308%의 데미지로 4번 공격"
24111000,18,"MP 29 소비, 최대 8명의 적을 312%의 데미지로 4번 공격"
24111000,19,"MP 29 소비, 최대 8명의 적을 316%의 데미지로 4번 공격"
24111000,20,"MP 30 소비, 최대 8명의 적을 320%의 데미지로 4번 공격"
24111006,1,"MP 30 소비, 전방으로 이동하면서 10명의 적을 175% 데미지로 2번 공격, 이동이후 바로 156% 데미지로 3번 추가 공격\n[패시브 효과 : 브리즈 카르트의 데미지 12% 증가]"
24111006,2,"MP 31 소비, 전방으로 이동하면서 10명의 적을 180% 데미지로 2번 공격, 이동이후 바로 162% 데미지로 3번 추가 공격\n[패시브 효과 : 브리즈 카르트의 데미지 14% 증가]"
24111006,3,"MP 31 소비, 전방으로 이동하면서 10명의 적을 185% 데미지로 2번 공격, 이동이후 바로 168% 데미지로 3번 추가 공격\n[패시브 효과 : 브리즈 카르트의 데미지 16% 증가]"
24111006,4,"MP 32 소비, 전방으로 이동하면서 10명의 적을 190% 데미지로 2번 공격, 이동이후 바로 174% 데미지로 3번 추가 공격\n[패시브 효과 : 브리즈 카르트의 데미지 18% 증가]"
24111006,5,"MP 32 소비, 전방으로 이동하면서 10명의 적을 195% 데미지로 2번 공격, 이동이후 바로 180% 데미지로 3번 추가 공격\n[패시브 효과 : 브리즈 카르트의 데미지 20% 증가]"
24111006,6,"MP 33 소비, 전방으로 이동하면서 10명의 적을 200% 데미지로 2번 공격, 이동이후 바로 186% 데미지로 3번 추가 공격\n[패시브 효과 : 브리즈 카르트의 데미지 22% 증가]"
24111006,7,"MP 33 소비, 전방으로 이동하면서 10명의 적을 205% 데미지로 2번 공격, 이동이후 바로 192% 데미지로 3번 추가 공격\n[패시브 효과 : 브리즈 카르트의 데미지 24% 증가]"
24111006,8,"MP 34 소비, 전방으로 이동하면서 10명의 적을 210% 데미지로 2번 공격, 이동이후 바로 198% 데미지로 3번 추가 공격\n[패시브 효과 : 브리즈 카르트의 데미지 26% 증가]"
24111006,9,"MP 34 소비, 전방으로 이동하면서 10명의 적을 215% 데미지로 2번 공격, 이동이후 바로 204% 데미지로 3번 추가 공격\n[패시브 효과 : 브리즈 카르트의 데미지 28% 증가]"
24111006,10,"MP 35 소비, 전방으로 이동하면서 10명의 적을 220% 데미지로 2번 공격, 이동이후 바로 210% 데미지로 3번 추가 공격\n[패시브 효과 : 브리즈 카르트의 데미지 30% 증가]"
24111006,11,"MP 35 소비, 전방으로 이동하면서 10명의 적을 225% 데미지로 2번 공격, 이동이후 바로 216% 데미지로 3번 추가 공격\n[패시브 효과 : 브리즈 카르트의 데미지 32% 증가]"
24111006,12,"MP 36 소비, 전방으로 이동하면서 10명의 적을 230% 데미지로 2번 공격, 이동이후 바로 222% 데미지로 3번 추가 공격\n[패시브 효과 : 브리즈 카르트의 데미지 34% 증가]"
24111006,13,"MP 36 소비, 전방으로 이동하면서 10명의 적을 235% 데미지로 2번 공격, 이동이후 바로 228% 데미지로 3번 추가 공격\n[패시브 효과 : 브리즈 카르트의 데미지 36% 증가]"
24111006,14,"MP 37 소비, 전방으로 이동하면서 10명의 적을 240% 데미지로 2번 공격, 이동이후 바로 234% 데미지로 3번 추가 공격\n[패시브 효과 : 브리즈 카르트의 데미지 38% 증가]"
24111006,15,"MP 37 소비, 전방으로 이동하면서 10명의 적을 245% 데미지로 2번 공격, 이동이후 바로 240% 데미지로 3번 추가 공격\n[패시브 효과 : 브리즈 카르트의 데미지 40% 증가]"
24111006,16,"MP 38 소비, 전방으로 이동하면서 10명의 적을 250% 데미지로 2번 공격, 이동이후 바로 246% 데미지로 3번 추가 공격\n[패시브 효과 : 브리즈 카르트의 데미지 42% 증가]"
24111006,17,"MP 38 소비, 전방으로 이동하면서 10명의 적을 255% 데미지로 2번 공격, 이동이후 바로 252% 데미지로 3번 추가 공격\n[패시브 효과 : 브리즈 카르트의 데미지 44% 증가]"
24111006,18,"MP 39 소비, 전방으로 이동하면서 10명의 적을 260% 데미지로 2번 공격, 이동이후 바로 258% 데미지로 3번 추가 공격\n[패시브 효과 : 브리즈 카르트의 데미지 46% 증가]"
24111006,19,"MP 39 소비, 전방으로 이동하면서 10명의 적을 265% 데미지로 2번 공격, 이동이후 바로 264% 데미지로 3번 추가 공격\n[패시브 효과 : 브리즈 카르트의 데미지 48% 증가]"
24111006,20,"MP 40 소비, 전방으로 이동하면서 10명의 적을 270% 데미지로 2번 공격, 이동이후 바로 270% 데미지로 3번 추가 공격\n[패시브 효과 : 브리즈 카르트의 데미지 50% 증가]"
24111001,1,사용 시 세팅된 스킬의 MP 소비량만큼 MP를 소비.\n훔친 스킬의 레벨은 1 레벨을 넘을 수 없음
24111001,2,사용 시 세팅된 스킬의 MP 소비량만큼 MP를 소비.\n훔친 스킬의 레벨은 2 레벨을 넘을 수 없음
24111001,3,사용 시 세팅된 스킬의 MP 소비량만큼 MP를 소비.\n훔친 스킬의 레벨은 3 레벨을 넘을 수 없음
24111001,4,사용 시 세팅된 스킬의 MP 소비량만큼 MP를 소비.\n훔친 스킬의 레벨은 4 레벨을 넘을 수 없음
24111001,5,사용 시 세팅된 스킬의 MP 소비량만큼 MP를 소비.\n훔친 스킬의 레벨은 5 레벨을 넘을 수 없음
24111001,6,사용 시 세팅된 스킬의 MP 소비량만큼 MP를 소비.\n훔친 스킬의 레벨은 6 레벨을 넘을 수 없음
24111001,7,사용 시 세팅된 스킬의 MP 소비량만큼 MP를 소비.\n훔친 스킬의 레벨은 7 레벨을 넘을 수 없음
24111001,8,사용 시 세팅된 스킬의 MP 소비량만큼 MP를 소비.\n훔친 스킬의 레벨은 8 레벨을 넘을 수 없음
24111001,9,사용 시 세팅된 스킬의 MP 소비량만큼 MP를 소비.\n훔친 스킬의 레벨은 9 레벨을 넘을 수 없음
24111001,10,사용 시 세팅된 스킬의 MP 소비량만큼 MP를 소비.\n훔친 스킬의 레벨은 10 레벨을 넘을 수 없음
24111001,11,사용 시 세팅된 스킬의 MP 소비량만큼 MP를 소비.\n훔친 스킬의 레벨은 11 레벨을 넘을 수 없음
24111001,12,사용 시 세팅된 스킬의 MP 소비량만큼 MP를 소비.\n훔친 스킬의 레벨은 12 레벨을 넘을 수 없음
24111001,13,사용 시 세팅된 스킬의 MP 소비량만큼 MP를 소비.\n훔친 스킬의 레벨은 13 레벨을 넘을 수 없음
24111001,14,사용 시 세팅된 스킬의 MP 소비량만큼 MP를 소비.\n훔친 스킬의 레벨은 14 레벨을 넘을 수 없음
24111001,15,사용 시 세팅된 스킬의 MP 소비량만큼 MP를 소비.\n훔친 스킬의 레벨은 15 레벨을 넘을 수 없음
24111001,16,사용 시 세팅된 스킬의 MP 소비량만큼 MP를 소비.\n훔친 스킬의 레벨은 16 레벨을 넘을 수 없음
24111001,17,사용 시 세팅된 스킬의 MP 소비량만큼 MP를 소비.\n훔친 스킬의 레벨은 17 레벨을 넘을 수 없음
24111001,18,사용 시 세팅된 스킬의 MP 소비량만큼 MP를 소비.\n훔친 스킬의 레벨은 18 레벨을 넘을 수 없음
24111001,19,사용 시 세팅된 스킬의 MP 소비량만큼 MP를 소비.\n훔친 스킬의 레벨은 19 레벨을 넘을 수 없음
24111001,20,사용 시 세팅된 스킬의 MP 소비량만큼 MP를 소비.\n훔친 스킬의 레벨은 20 레벨을 넘을 수 없음
24111002,1,"MP 300 소비, 사망하였을 때 죽는 것 대신 버프를 소비하고 HP가 최대치의 10%가 됨, 이 때 2초 동안 무적 상태#c\n#c버프 소비 시 : #재사용 대기시간 1800초 \n[패시브 효과 : 영구적으로 행운 6 증가]"
24111002,2,"MP 300 소비, 사망하였을 때 죽는 것 대신 버프를 소비하고 HP가 최대치의 20%가 됨, 이 때 2초 동안 무적 상태#c\n#c버프 소비 시 : #재사용 대기시간 1800초 \n[패시브 효과 : 영구적으로 행운 12 증가]"
24111002,3,"MP 300 소비, 사망하였을 때 죽는 것 대신 버프를 소비하고 HP가 최대치의 30%가 됨, 이 때 2초 동안 무적 상태#c\n#c버프 소비 시 : #재사용 대기시간 1800초 \n[패시브 효과 : 영구적으로 행운 18 증가]"
24111002,4,"MP 300 소비, 사망하였을 때 죽는 것 대신 버프를 소비하고 HP가 최대치의 40%가 됨, 이 때 2초 동안 무적 상태#c\n#c버프 소비 시 : #재사용 대기시간 1800초 \n[패시브 효과 : 영구적으로 행운 24 증가]"
24111002,5,"MP 300 소비, 사망하였을 때 죽는 것 대신 버프를 소비하고 HP가 최대치의 50%가 됨, 이 때 3초 동안 무적 상태#c\n#c버프 소비 시 : #재사용 대기시간 1800초 \n[패시브 효과 : 영구적으로 행운 30 증가]"
24111002,6,"MP 300 소비, 사망하였을 때 죽는 것 대신 버프를 소비하고 HP가 최대치의 60%가 됨, 이 때 3초 동안 무적 상태#c\n#c버프 소비 시 : #재사용 대기시간 1800초 \n[패시브 효과 : 영구적으로 행운 36 증가]"
24111002,7,"MP 300 소비, 사망하였을 때 죽는 것 대신 버프를 소비하고 HP가 최대치의 70%가 됨, 이 때 3초 동안 무적 상태#c\n#c버프 소비 시 : #재사용 대기시간 1800초 \n[패시브 효과 : 영구적으로 행운 42 증가]"
24111002,8,"MP 300 소비, 사망하였을 때 죽는 것 대신 버프를 소비하고 HP가 최대치의 80%가 됨, 이 때 3초 동안 무적 상태#c\n#c버프 소비 시 : #재사용 대기시간 1800초 \n[패시브 효과 : 영구적으로 행운 48 증가]"
24111002,9,"MP 300 소비, 사망하였을 때 죽는 것 대신 버프를 소비하고 HP가 최대치의 90%가 됨, 이 때 3초 동안 무적 상태#c\n#c버프 소비 시 : #재사용 대기시간 1800초 \n[패시브 효과 : 영구적으로 행운 54 증가]"
24111002,10,"MP 300 소비, 사망하였을 때 죽는 것 대신 버프를 소비하고 HP가 최대치의 100%가 됨, 이 때 4초 동안 무적 상태#c\n#c버프 소비 시 : #재사용 대기시간 1800초 \n[패시브 효과 : 영구적으로 행운 60 증가]"
24110003,1,"최대 HP 12% 증가, 최대 MP 12% 증가, 속성 내성 9% 증가, 상태 이상 내성 9 증가, 스탠스 4% 증가"
24110003,2,"최대 HP 14% 증가, 최대 MP 14% 증가, 속성 내성 13% 증가, 상태 이상 내성 13 증가, 스탠스 8% 증가"
24110003,3,"최대 HP 16% 증가, 최대 MP 16% 증가, 속성 내성 17% 증가, 상태 이상 내성 17 증가, 스탠스 12% 증가"
24110003,4,"최대 HP 18% 증가, 최대 MP 18% 증가, 속성 내성 21% 증가, 상태 이상 내성 21 증가, 스탠스 16% 증가"
24110003,5,"최대 HP 20% 증가, 최대 MP 20% 증가, 속성 내성 25% 증가, 상태 이상 내성 25 증가, 스탠스 20% 증가"
24110003,6,"최대 HP 22% 증가, 최대 MP 22% 증가, 속성 내성 29% 증가, 상태 이상 내성 29 증가, 스탠스 24% 증가"
24110003,7,"최대 HP 24% 증가, 최대 MP 24% 증가, 속성 내성 33% 증가, 상태 이상 내성 33 증가, 스탠스 28% 증가"
24110003,8,"최대 HP 26% 증가, 최대 MP 26% 증가, 속성 내성 37% 증가, 상태 이상 내성 37 증가, 스탠스 32% 증가"
24110003,9,"최대 HP 28% 증가, 최대 MP 28% 증가, 속성 내성 41% 증가, 상태 이상 내성 41 증가, 스탠스 36% 증가"
24110003,10,"최대 HP 30% 증가, 최대 MP 30% 증가, 속성 내성 45% 증가, 상태 이상 내성 45 증가, 스탠스 40% 증가"
24110005,1,공격력 2 증가
24110005,2,공격력 4 증가
24110005,3,공격력 6 증가
24110005,4,공격력 8 증가
24110005,5,공격력 10 증가
24110005,6,공격력 12 증가
24110005,7,공격력 14 증가
24110005,8,공격력 16 증가
24110005,9,공격력 18 증가
24110005,10,공격력 20 증가
24110005,11,공격력 22 증가
24110005,12,공격력 24 증가
24110005,13,공격력 26 증가
24110005,14,공격력 28 증가
24110005,15,공격력 30 증가
24110005,16,공격력 32 증가
24110005,17,공격력 34 증가
24110005,18,공격력 36 증가
24110005,19,공격력 38 증가
24110005,20,공격력 40 증가
24110004,1,12% 확률로 추가 회피
24110004,2,14% 확률로 추가 회피
24110004,3,16% 확률로 추가 회피
24110004,4,18% 확률로 추가 회피
24110004,5,20% 확률로 추가 회피
24110004,6,22% 확률로 추가 회피
24110004,7,24% 확률로 추가 회피
24110004,8,26% 확률로 추가 회피
24110004,9,28% 확률로 추가 회피
24110004,10,30% 확률로 추가 회피
24110007,1,"영구적으로 크리티컬 확률 9%, 최종 데미지 4% 증가"
24110007,2,"영구적으로 크리티컬 확률 11%, 최종 데미지 6% 증가"
24110007,3,"영구적으로 크리티컬 확률 13%, 최종 데미지 8% 증가"
24110007,4,"영구적으로 크리티컬 확률 15%, 최종 데미지 10% 증가"
24110007,5,"영구적으로 크리티컬 확률 17%, 최종 데미지 12% 증가"
24110007,6,"영구적으로 크리티컬 확률 19%, 최종 데미지 14% 증가"
24110007,7,"영구적으로 크리티컬 확률 21%, 최종 데미지 16% 증가"
24110007,8,"영구적으로 크리티컬 확률 23%, 최종 데미지 18% 증가"
24110007,9,"영구적으로 크리티컬 확률 25%, 최종 데미지 20% 증가"
24110007,10,"영구적으로 크리티컬 확률 27%, 최종 데미지 22% 증가"
24110007,11,"영구적으로 크리티컬 확률 29%, 최종 데미지 24% 증가"
24110007,12,"영구적으로 크리티컬 확률 31%, 최종 데미지 26% 증가"
24110007,13,"영구적으로 크리티컬 확률 33%, 최종 데미지 28% 증가"
24110007,14,"영구적으로 크리티컬 확률 35%, 최종 데미지 30% 증가"
24111008,1,최대 10명의 적에게 156% 데미지로 3번 공격
24111008,2,최대 10명의 적에게 162% 데미지로 3번 공격
24111008,3,최대 10명의 적에게 168% 데미지로 3번 공격
24111008,4,최대 10명의 적에게 174% 데미지로 3번 공격
24111008,5,최대 10명의 적에게 180% 데미지로 3번 공격
24111008,6,최대 10명의 적에게 186% 데미지로 3번 공격
24111008,7,최대 10명의 적에게 192% 데미지로 3번 공격
24111008,8,최대 10명의 적에게 198% 데미지로 3번 공격
24111008,9,최대 10명의 적에게 204% 데미지로 3번 공격
24111008,10,최대 10명의 적에게 210% 데미지로 3번 공격
24111008,11,최대 10명의 적에게 216% 데미지로 3번 공격
24111008,12,최대 10명의 적에게 222% 데미지로 3번 공격
24111008,13,최대 10명의 적에게 228% 데미지로 3번 공격
24111008,14,최대 10명의 적에게 234% 데미지로 3번 공격
24111008,15,최대 10명의 적에게 240% 데미지로 3번 공격
24111008,16,최대 10명의 적에게 246% 데미지로 3번 공격
24111008,17,최대 10명의 적에게 252% 데미지로 3번 공격
24111008,18,최대 10명의 적에게 258% 데미지로 3번 공격
24111008,19,최대 10명의 적에게 264% 데미지로 3번 공격
24111008,20,최대 10명의 적에게 270% 데미지로 3번 공격
24121000,1,"공격당 MP 13 소비, 전방 6명의 적에게 131% 데미지로 연속해서 3번 공격\n키다운 중에 #c이동키#로 #c이동#이 가능"
24121000,2,"공격당 MP 13 소비, 전방 6명의 적에게 132% 데미지로 연속해서 3번 공격\n키다운 중에 #c이동키#로 #c이동#이 가능"
24121000,3,"공격당 MP 13 소비, 전방 6명의 적에게 133% 데미지로 연속해서 3번 공격\n키다운 중에 #c이동키#로 #c이동#이 가능"
24121000,4,"공격당 MP 13 소비, 전방 6명의 적에게 134% 데미지로 연속해서 3번 공격\n키다운 중에 #c이동키#로 #c이동#이 가능"
24121000,5,"공격당 MP 13 소비, 전방 6명의 적에게 135% 데미지로 연속해서 3번 공격\n키다운 중에 #c이동키#로 #c이동#이 가능"
24121000,6,"공격당 MP 13 소비, 전방 6명의 적에게 136% 데미지로 연속해서 3번 공격\n키다운 중에 #c이동키#로 #c이동#이 가능"
24121000,7,"공격당 MP 13 소비, 전방 6명의 적에게 137% 데미지로 연속해서 3번 공격\n키다운 중에 #c이동키#로 #c이동#이 가능"
24121000,8,"공격당 MP 13 소비, 전방 6명의 적에게 138% 데미지로 연속해서 3번 공격\n키다운 중에 #c이동키#로 #c이동#이 가능"
24121000,9,"공격당 MP 13 소비, 전방 6명의 적에게 139% 데미지로 연속해서 3번 공격\n키다운 중에 #c이동키#로 #c이동#이 가능"
24121000,10,"공격당 MP 13 소비, 전방 6명의 적에게 140% 데미지로 연속해서 3번 공격\n키다운 중에 #c이동키#로 #c이동#이 가능"
24121000,11,"공격당 MP 14 소비, 전방 6명의 적에게 141% 데미지로 연속해서 3번 공격\n키다운 중에 #c이동키#로 #c이동#이 가능"
24121000,12,"공격당 MP 14 소비, 전방 6명의 적에게 142% 데미지로 연속해서 3번 공격\n키다운 중에 #c이동키#로 #c이동#이 가능"
24121000,13,"공격당 MP 14 소비, 전방 6명의 적에게 143% 데미지로 연속해서 3번 공격\n키다운 중에 #c이동키#로 #c이동#이 가능"
24121000,14,"공격당 MP 14 소비, 전방 6명의 적에게 144% 데미지로 연속해서 3번 공격\n키다운 중에 #c이동키#로 #c이동#이 가능"
24121000,15,"공격당 MP 14 소비, 전방 6명의 적에게 145% 데미지로 연속해서 3번 공격\n키다운 중에 #c이동키#로 #c이동#이 가능"
24121000,16,"공격당 MP 14 소비, 전방 6명의 적에게 146% 데미지로 연속해서 3번 공격\n키다운 중에 #c이동키#로 #c이동#이 가능"
24121000,17,"공격당 MP 14 소비, 전방 6명의 적에게 147% 데미지로 연속해서 3번 공격\n키다운 중에 #c이동키#로 #c이동#이 가능"
24121000,18,"공격당 MP 14 소비, 전방 6명의 적에게 148% 데미지로 연속해서 3번 공격\n키다운 중에 #c이동키#로 #c이동#이 가능"
24121000,19,"공격당 MP 14 소비, 전방 6명의 적에게 149% 데미지로 연속해서 3번 공격\n키다운 중에 #c이동키#로 #c이동#이 가능"
24121000,20,"공격당 MP 14 소비, 전방 6명의 적에게 150% 데미지로 연속해서 3번 공격\n키다운 중에 #c이동키#로 #c이동#이 가능"
24121000,21,"공격당 MP 15 소비, 전방 6명의 적에게 151% 데미지로 연속해서 3번 공격\n키다운 중에 #c이동키#로 #c이동#이 가능"
24121000,22,"공격당 MP 15 소비, 전방 6명의 적에게 152% 데미지로 연속해서 3번 공격\n키다운 중에 #c이동키#로 #c이동#이 가능"
24121000,23,"공격당 MP 15 소비, 전방 6명의 적에게 153% 데미지로 연속해서 3번 공격\n키다운 중에 #c이동키#로 #c이동#이 가능"
24121000,24,"공격당 MP 15 소비, 전방 6명의 적에게 154% 데미지로 연속해서 3번 공격\n키다운 중에 #c이동키#로 #c이동#이 가능"
24121000,25,"공격당 MP 15 소비, 전방 6명의 적에게 155% 데미지로 연속해서 3번 공격\n키다운 중에 #c이동키#로 #c이동#이 가능"
24121000,26,"공격당 MP 15 소비, 전방 6명의 적에게 156% 데미지로 연속해서 3번 공격\n키다운 중에 #c이동키#로 #c이동#이 가능"
24121000,27,"공격당 MP 15 소비, 전방 6명의 적에게 157% 데미지로 연속해서 3번 공격\n키다운 중에 #c이동키#로 #c이동#이 가능"
24121000,28,"공격당 MP 15 소비, 전방 6명의 적에게 158% 데미지로 연속해서 3번 공격\n키다운 중에 #c이동키#로 #c이동#이 가능"
24121000,29,"공격당 MP 15 소비, 전방 6명의 적에게 159% 데미지로 연속해서 3번 공격\n키다운 중에 #c이동키#로 #c이동#이 가능"
24121000,30,"공격당 MP 15 소비, 전방 6명의 적에게 160% 데미지로 연속해서 3번 공격\n키다운 중에 #c이동키#로 #c이동#이 가능"
24121000,31,"공격당 MP 16 소비, 전방 6명의 적에게 161% 데미지로 연속해서 3번 공격\n키다운 중에 #c이동키#로 #c이동#이 가능"
24121000,32,"공격당 MP 16 소비, 전방 6명의 적에게 162% 데미지로 연속해서 3번 공격\n키다운 중에 #c이동키#로 #c이동#이 가능"
24121001,1,사용 시 세팅된 스킬의 MP 소비량만큼 MP를 소비\n훔친 스킬의 레벨은 1 레벨을 넘을 수 없음
24121001,2,사용 시 세팅된 스킬의 MP 소비량만큼 MP를 소비\n훔친 스킬의 레벨은 2 레벨을 넘을 수 없음
24121001,3,사용 시 세팅된 스킬의 MP 소비량만큼 MP를 소비\n훔친 스킬의 레벨은 3 레벨을 넘을 수 없음
24121001,4,사용 시 세팅된 스킬의 MP 소비량만큼 MP를 소비\n훔친 스킬의 레벨은 4 레벨을 넘을 수 없음
24121001,5,사용 시 세팅된 스킬의 MP 소비량만큼 MP를 소비\n훔친 스킬의 레벨은 5 레벨을 넘을 수 없음
24121001,6,사용 시 세팅된 스킬의 MP 소비량만큼 MP를 소비\n훔친 스킬의 레벨은 6 레벨을 넘을 수 없음
24121001,7,사용 시 세팅된 스킬의 MP 소비량만큼 MP를 소비\n훔친 스킬의 레벨은 7 레벨을 넘을 수 없음
24121001,8,사용 시 세팅된 스킬의 MP 소비량만큼 MP를 소비\n훔친 스킬의 레벨은 8 레벨을 넘을 수 없음
24121001,9,사용 시 세팅된 스킬의 MP 소비량만큼 MP를 소비\n훔친 스킬의 레벨은 9 레벨을 넘을 수 없음
24121001,10,사용 시 세팅된 스킬의 MP 소비량만큼 MP를 소비\n훔친 스킬의 레벨은 10 레벨을 넘을 수 없음
24121001,11,사용 시 세팅된 스킬의 MP 소비량만큼 MP를 소비\n훔친 스킬의 레벨은 11 레벨을 넘을 수 없음
24121001,12,사용 시 세팅된 스킬의 MP 소비량만큼 MP를 소비\n훔친 스킬의 레벨은 12 레벨을 넘을 수 없음
24121001,13,사용 시 세팅된 스킬의 MP 소비량만큼 MP를 소비\n훔친 스킬의 레벨은 13 레벨을 넘을 수 없음
24121001,14,사용 시 세팅된 스킬의 MP 소비량만큼 MP를 소비\n훔친 스킬의 레벨은 14 레벨을 넘을 수 없음
24121001,15,사용 시 세팅된 스킬의 MP 소비량만큼 MP를 소비\n훔친 스킬의 레벨은 15 레벨을 넘을 수 없음
24121001,16,사용 시 세팅된 스킬의 MP 소비량만큼 MP를 소비\n훔친 스킬의 레벨은 16 레벨을 넘을 수 없음
24121001,17,사용 시 세팅된 스킬의 MP 소비량만큼 MP를 소비\n훔친 스킬의 레벨은 17 레벨을 넘을 수 없음
24121001,18,사용 시 세팅된 스킬의 MP 소비량만큼 MP를 소비\n훔친 스킬의 레벨은 18 레벨을 넘을 수 없음
24121001,19,사용 시 세팅된 스킬의 MP 소비량만큼 MP를 소비\n훔친 스킬의 레벨은 19 레벨을 넘을 수 없음
24121001,20,사용 시 세팅된 스킬의 MP 소비량만큼 MP를 소비\n훔친 스킬의 레벨은 20 레벨을 넘을 수 없음
24121001,21,사용 시 세팅된 스킬의 MP 소비량만큼 MP를 소비\n훔친 스킬의 레벨은 21 레벨을 넘을 수 없음
24121001,22,사용 시 세팅된 스킬의 MP 소비량만큼 MP를 소비\n훔친 스킬의 레벨은 22 레벨을 넘을 수 없음
24121001,23,사용 시 세팅된 스킬의 MP 소비량만큼 MP를 소비\n훔친 스킬의 레벨은 23 레벨을 넘을 수 없음
24121001,24,사용 시 세팅된 스킬의 MP 소비량만큼 MP를 소비\n훔친 스킬의 레벨은 24 레벨을 넘을 수 없음
24121001,25,사용 시 세팅된 스킬의 MP 소비량만큼 MP를 소비\n훔친 스킬의 레벨은 25 레벨을 넘을 수 없음
24121001,26,사용 시 세팅된 스킬의 MP 소비량만큼 MP를 소비\n훔친 스킬의 레벨은 26 레벨을 넘을 수 없음
24121001,27,사용 시 세팅된 스킬의 MP 소비량만큼 MP를 소비\n훔친 스킬의 레벨은 27 레벨을 넘을 수 없음
24121001,28,사용 시 세팅된 스킬의 MP 소비량만큼 MP를 소비\n훔친 스킬의 레벨은 28 레벨을 넘을 수 없음
24121001,29,사용 시 세팅된 스킬의 MP 소비량만큼 MP를 소비\n훔친 스킬의 레벨은 29 레벨을 넘을 수 없음
24121001,30,사용 시 세팅된 스킬의 MP 소비량만큼 MP를 소비\n훔친 스킬의 레벨은 30 레벨을 넘을 수 없음
24121001,31,사용 시 세팅된 스킬의 MP 소비량만큼 MP를 소비\n훔친 스킬의 레벨은 31 레벨을 넘을 수 없음
24121001,32,사용 시 세팅된 스킬의 MP 소비량만큼 MP를 소비\n훔친 스킬의 레벨은 32 레벨을 넘을 수 없음
24121005,1,"공격당 MP 15 소비, 최대 5초 키다운하여 일정 간격마다 최대 8명의 적을 310%의 데미지로 3번 공격\n재사용 대기시간 21초"
24121005,2,"공격당 MP 15 소비, 최대 5초 키다운하여 일정 간격마다 최대 8명의 적을 315%의 데미지로 3번 공격\n재사용 대기시간 21초"
24121005,3,"공격당 MP 15 소비, 최대 5초 키다운하여 일정 간격마다 최대 8명의 적을 320%의 데미지로 3번 공격\n재사용 대기시간 21초"
24121005,4,"공격당 MP 15 소비, 최대 5초 키다운하여 일정 간격마다 최대 8명의 적을 325%의 데미지로 3번 공격\n재사용 대기시간 21초"
24121005,5,"공격당 MP 15 소비, 최대 5초 키다운하여 일정 간격마다 최대 8명의 적을 330%의 데미지로 3번 공격\n재사용 대기시간 21초"
24121005,6,"공격당 MP 16 소비, 최대 5초 키다운하여 일정 간격마다 최대 8명의 적을 335%의 데미지로 3번 공격\n재사용 대기시간 21초"
24121005,7,"공격당 MP 16 소비, 최대 5초 키다운하여 일정 간격마다 최대 8명의 적을 340%의 데미지로 3번 공격\n재사용 대기시간 21초"
24121005,8,"공격당 MP 16 소비, 최대 5초 키다운하여 일정 간격마다 최대 8명의 적을 345%의 데미지로 3번 공격\n재사용 대기시간 21초"
24121005,9,"공격당 MP 16 소비, 최대 5초 키다운하여 일정 간격마다 최대 8명의 적을 350%의 데미지로 3번 공격\n재사용 대기시간 21초"
24121005,10,"공격당 MP 16 소비, 최대 5초 키다운하여 일정 간격마다 최대 8명의 적을 355%의 데미지로 3번 공격\n재사용 대기시간 20초"
24121005,11,"공격당 MP 16 소비, 최대 5초 키다운하여 일정 간격마다 최대 8명의 적을 360%의 데미지로 3번 공격\n재사용 대기시간 20초"
24121005,12,"공격당 MP 17 소비, 최대 5초 키다운하여 일정 간격마다 최대 8명의 적을 365%의 데미지로 3번 공격\n재사용 대기시간 20초"
24121005,13,"공격당 MP 17 소비, 최대 5초 키다운하여 일정 간격마다 최대 8명의 적을 370%의 데미지로 3번 공격\n재사용 대기시간 20초"
24121005,14,"공격당 MP 17 소비, 최대 5초 키다운하여 일정 간격마다 최대 8명의 적을 375%의 데미지로 3번 공격\n재사용 대기시간 20초"
24121005,15,"공격당 MP 17 소비, 최대 5초 키다운하여 일정 간격마다 최대 8명의 적을 380%의 데미지로 3번 공격\n재사용 대기시간 20초"
24121005,16,"공격당 MP 17 소비, 최대 5초 키다운하여 일정 간격마다 최대 8명의 적을 385%의 데미지로 3번 공격\n재사용 대기시간 20초"
24121005,17,"공격당 MP 17 소비, 최대 5초 키다운하여 일정 간격마다 최대 8명의 적을 390%의 데미지로 3번 공격\n재사용 대기시간 20초"
24121005,18,"공격당 MP 18 소비, 최대 5초 키다운하여 일정 간격마다 최대 8명의 적을 395%의 데미지로 3번 공격\n재사용 대기시간 20초"
24121005,19,"공격당 MP 18 소비, 최대 5초 키다운하여 일정 간격마다 최대 8명의 적을 400%의 데미지로 3번 공격\n재사용 대기시간 20초"
24121005,20,"공격당 MP 18 소비, 최대 5초 키다운하여 일정 간격마다 최대 8명의 적을 405%의 데미지로 3번 공격\n재사용 대기시간 19초"
24121005,21,"공격당 MP 18 소비, 최대 5초 키다운하여 일정 간격마다 최대 8명의 적을 410%의 데미지로 3번 공격\n재사용 대기시간 19초"
24121005,22,"공격당 MP 18 소비, 최대 5초 키다운하여 일정 간격마다 최대 8명의 적을 415%의 데미지로 3번 공격\n재사용 대기시간 19초"
24121005,23,"공격당 MP 18 소비, 최대 5초 키다운하여 일정 간격마다 최대 8명의 적을 420%의 데미지로 3번 공격\n재사용 대기시간 19초"
24121005,24,"공격당 MP 19 소비, 최대 5초 키다운하여 일정 간격마다 최대 8명의 적을 425%의 데미지로 3번 공격\n재사용 대기시간 19초"
24121005,25,"공격당 MP 19 소비, 최대 5초 키다운하여 일정 간격마다 최대 8명의 적을 430%의 데미지로 3번 공격\n재사용 대기시간 19초"
24121005,26,"공격당 MP 19 소비, 최대 5초 키다운하여 일정 간격마다 최대 8명의 적을 435%의 데미지로 3번 공격\n재사용 대기시간 19초"
24121005,27,"공격당 MP 19 소비, 최대 5초 키다운하여 일정 간격마다 최대 8명의 적을 440%의 데미지로 3번 공격\n재사용 대기시간 19초"
24121005,28,"공격당 MP 19 소비, 최대 5초 키다운하여 일정 간격마다 최대 8명의 적을 445%의 데미지로 3번 공격\n재사용 대기시간 19초"
24121005,29,"공격당 MP 19 소비, 최대 5초 키다운하여 일정 간격마다 최대 8명의 적을 450%의 데미지로 3번 공격\n재사용 대기시간 19초"
24121005,30,"공격당 MP 20 소비, 최대 5초 키다운하여 일정 간격마다 최대 8명의 적을 455%의 데미지로 3번 공격\n재사용 대기시간 18초"
24121005,31,"공격당 MP 20 소비, 최대 5초 키다운하여 일정 간격마다 최대 8명의 적을 460%의 데미지로 3번 공격\n재사용 대기시간 18초"
24121005,32,"공격당 MP 20 소비, 최대 5초 키다운하여 일정 간격마다 최대 8명의 적을 465%의 데미지로 3번 공격\n재사용 대기시간 18초"
24121003,1,"MP 35 소비, 후방으로 이동하면서 10명의 적을 363% 데미지로 3번 공격\n공격 당한 적은 60초 동안 5%의 방어율 무시 디버프 효과\n[패시브 효과 : 팬텀 차지의 데미지 21% 증가]"
24121003,2,"MP 36 소비, 후방으로 이동하면서 10명의 적을 366% 데미지로 3번 공격\n공격 당한 적은 60초 동안 6%의 방어율 무시 디버프 효과\n[패시브 효과 : 팬텀 차지의 데미지 22% 증가]"
24121003,3,"MP 36 소비, 후방으로 이동하면서 10명의 적을 369% 데미지로 3번 공격\n공격 당한 적은 60초 동안 6%의 방어율 무시 디버프 효과\n[패시브 효과 : 팬텀 차지의 데미지 23% 증가]"
24121003,4,"MP 37 소비, 후방으로 이동하면서 10명의 적을 372% 데미지로 3번 공격\n공격 당한 적은 60초 동안 7%의 방어율 무시 디버프 효과\n[패시브 효과 : 팬텀 차지의 데미지 24% 증가]"
24121003,5,"MP 37 소비, 후방으로 이동하면서 10명의 적을 375% 데미지로 3번 공격\n공격 당한 적은 60초 동안 7%의 방어율 무시 디버프 효과\n[패시브 효과 : 팬텀 차지의 데미지 25% 증가]"
24121003,6,"MP 38 소비, 후방으로 이동하면서 10명의 적을 378% 데미지로 3번 공격\n공격 당한 적은 60초 동안 8%의 방어율 무시 디버프 효과\n[패시브 효과 : 팬텀 차지의 데미지 26% 증가]"
24121003,7,"MP 38 소비, 후방으로 이동하면서 10명의 적을 381% 데미지로 3번 공격\n공격 당한 적은 60초 동안 8%의 방어율 무시 디버프 효과\n[패시브 효과 : 팬텀 차지의 데미지 27% 증가]"
24121003,8,"MP 39 소비, 후방으로 이동하면서 10명의 적을 384% 데미지로 3번 공격\n공격 당한 적은 60초 동안 9%의 방어율 무시 디버프 효과\n[패시브 효과 : 팬텀 차지의 데미지 28% 증가]"
24121003,9,"MP 39 소비, 후방으로 이동하면서 10명의 적을 387% 데미지로 3번 공격\n공격 당한 적은 60초 동안 9%의 방어율 무시 디버프 효과\n[패시브 효과 : 팬텀 차지의 데미지 29% 증가]"
24121003,10,"MP 40 소비, 후방으로 이동하면서 10명의 적을 390% 데미지로 3번 공격\n공격 당한 적은 60초 동안 10%의 방어율 무시 디버프 효과\n[패시브 효과 : 팬텀 차지의 데미지 30% 증가]"
24121003,11,"MP 40 소비, 후방으로 이동하면서 10명의 적을 393% 데미지로 3번 공격\n공격 당한 적은 60초 동안 10%의 방어율 무시 디버프 효과\n[패시브 효과 : 팬텀 차지의 데미지 31% 증가]"
24121003,12,"MP 41 소비, 후방으로 이동하면서 10명의 적을 396% 데미지로 3번 공격\n공격 당한 적은 60초 동안 11%의 방어율 무시 디버프 효과\n[패시브 효과 : 팬텀 차지의 데미지 32% 증가]"
24121003,13,"MP 41 소비, 후방으로 이동하면서 10명의 적을 399% 데미지로 3번 공격\n공격 당한 적은 60초 동안 11%의 방어율 무시 디버프 효과\n[패시브 효과 : 팬텀 차지의 데미지 33% 증가]"
24121003,14,"MP 42 소비, 후방으로 이동하면서 10명의 적을 402% 데미지로 3번 공격\n공격 당한 적은 60초 동안 12%의 방어율 무시 디버프 효과\n[패시브 효과 : 팬텀 차지의 데미지 34% 증가]"
24121003,15,"MP 42 소비, 후방으로 이동하면서 10명의 적을 405% 데미지로 3번 공격\n공격 당한 적은 60초 동안 12%의 방어율 무시 디버프 효과\n[패시브 효과 : 팬텀 차지의 데미지 35% 증가]"
24121003,16,"MP 43 소비, 후방으로 이동하면서 10명의 적을 408% 데미지로 3번 공격\n공격 당한 적은 60초 동안 13%의 방어율 무시 디버프 효과\n[패시브 효과 : 팬텀 차지의 데미지 36% 증가]"
24121003,17,"MP 43 소비, 후방으로 이동하면서 10명의 적을 411% 데미지로 3번 공격\n공격 당한 적은 60초 동안 13%의 방어율 무시 디버프 효과\n[패시브 효과 : 팬텀 차지의 데미지 37% 증가]"
24121003,18,"MP 44 소비, 후방으로 이동하면서 10명의 적을 414% 데미지로 3번 공격\n공격 당한 적은 60초 동안 14%의 방어율 무시 디버프 효과\n[패시브 효과 : 팬텀 차지의 데미지 38% 증가]"
24121003,19,"MP 44 소비, 후방으로 이동하면서 10명의 적을 417% 데미지로 3번 공격\n공격 당한 적은 60초 동안 14%의 방어율 무시 디버프 효과\n[패시브 효과 : 팬텀 차지의 데미지 39% 증가]"
24121003,20,"MP 45 소비, 후방으로 이동하면서 10명의 적을 420% 데미지로 3번 공격\n공격 당한 적은 60초 동안 15%의 방어율 무시 디버프 효과\n[패시브 효과 : 팬텀 차지의 데미지 40% 증가]"
24121003,21,"MP 45 소비, 후방으로 이동하면서 10명의 적을 423% 데미지로 3번 공격\n공격 당한 적은 60초 동안 15%의 방어율 무시 디버프 효과\n[패시브 효과 : 팬텀 차지의 데미지 41% 증가]"
24121003,22,"MP 46 소비, 후방으로 이동하면서 10명의 적을 426% 데미지로 3번 공격\n공격 당한 적은 60초 동안 16%의 방어율 무시 디버프 효과\n[패시브 효과 : 팬텀 차지의 데미지 42% 증가]"
24121003,23,"MP 46 소비, 후방으로 이동하면서 10명의 적을 429% 데미지로 3번 공격\n공격 당한 적은 60초 동안 16%의 방어율 무시 디버프 효과\n[패시브 효과 : 팬텀 차지의 데미지 43% 증가]"
24121003,24,"MP 47 소비, 후방으로 이동하면서 10명의 적을 432% 데미지로 3번 공격\n공격 당한 적은 60초 동안 17%의 방어율 무시 디버프 효과\n[패시브 효과 : 팬텀 차지의 데미지 44% 증가]"
24121003,25,"MP 47 소비, 후방으로 이동하면서 10명의 적을 435% 데미지로 3번 공격\n공격 당한 적은 60초 동안 17%의 방어율 무시 디버프 효과\n[패시브 효과 : 팬텀 차지의 데미지 45% 증가]"
24121003,26,"MP 48 소비, 후방으로 이동하면서 10명의 적을 438% 데미지로 3번 공격\n공격 당한 적은 60초 동안 18%의 방어율 무시 디버프 효과\n[패시브 효과 : 팬텀 차지의 데미지 46% 증가]"
24121003,27,"MP 48 소비, 후방으로 이동하면서 10명의 적을 441% 데미지로 3번 공격\n공격 당한 적은 60초 동안 18%의 방어율 무시 디버프 효과\n[패시브 효과 : 팬텀 차지의 데미지 47% 증가]"
24121003,28,"MP 49 소비, 후방으로 이동하면서 10명의 적을 444% 데미지로 3번 공격\n공격 당한 적은 60초 동안 19%의 방어율 무시 디버프 효과\n[패시브 효과 : 팬텀 차지의 데미지 48% 증가]"
24121003,29,"MP 49 소비, 후방으로 이동하면서 10명의 적을 447% 데미지로 3번 공격\n공격 당한 적은 60초 동안 19%의 방어율 무시 디버프 효과\n[패시브 효과 : 팬텀 차지의 데미지 49% 증가]"
24121003,30,"MP 50 소비, 후방으로 이동하면서 10명의 적을 450% 데미지로 3번 공격\n공격 당한 적은 60초 동안 20%의 방어율 무시 디버프 효과\n[패시브 효과 : 팬텀 차지의 데미지 50% 증가]"
24121003,31,"MP 50 소비, 후방으로 이동하면서 10명의 적을 453% 데미지로 3번 공격\n공격 당한 적은 60초 동안 20%의 방어율 무시 디버프 효과\n[패시브 효과 : 팬텀 차지의 데미지 51% 증가]"
24121003,32,"MP 51 소비, 후방으로 이동하면서 10명의 적을 456% 데미지로 3번 공격\n공격 당한 적은 60초 동안 21%의 방어율 무시 디버프 효과\n[패시브 효과 : 팬텀 차지의 데미지 52% 증가]"
24120002,1,"팬텀의 공격이 크리티컬로 성공할 때 62%의 확률로 카드가 나와 주위 적을 194%의 데미지로 자동 공격하고 #c카드 스택 수치 1증가#\n#c반전 카드# : 최대 4명의 적을 710%의 데미지로 공격, 재발동 대기시간 5초\n추가 회피 확률 1% 증가\n카드의 일반 몬스터 공격 시 데미지 150% 증가"
24120002,2,"팬텀의 공격이 크리티컬로 성공할 때 64%의 확률로 카드가 나와 주위 적을 198%의 데미지로 자동 공격하고 #c카드 스택 수치 1증가#\n#c반전 카드# : 최대 4명의 적을 720%의 데미지로 공격, 재발동 대기시간 5초\n추가 회피 확률 2% 증가\n카드의 일반 몬스터 공격 시 데미지 150% 증가"
24120002,3,"팬텀의 공격이 크리티컬로 성공할 때 66%의 확률로 카드가 나와 주위 적을 202%의 데미지로 자동 공격하고 #c카드 스택 수치 1증가#\n#c반전 카드# : 최대 4명의 적을 730%의 데미지로 공격, 재발동 대기시간 5초\n추가 회피 확률 3% 증가\n카드의 일반 몬스터 공격 시 데미지 150% 증가"
24120002,4,"팬텀의 공격이 크리티컬로 성공할 때 68%의 확률로 카드가 나와 주위 적을 206%의 데미지로 자동 공격하고 #c카드 스택 수치 1증가#\n#c반전 카드# : 최대 4명의 적을 740%의 데미지로 공격, 재발동 대기시간 5초\n추가 회피 확률 4% 증가\n카드의 일반 몬스터 공격 시 데미지 150% 증가"
24120002,5,"팬텀의 공격이 크리티컬로 성공할 때 70%의 확률로 카드가 나와 주위 적을 210%의 데미지로 자동 공격하고 #c카드 스택 수치 1증가#\n#c반전 카드# : 최대 4명의 적을 750%의 데미지로 공격, 재발동 대기시간 5초\n추가 회피 확률 5% 증가\n카드의 일반 몬스터 공격 시 데미지 150% 증가"
24120002,6,"팬텀의 공격이 크리티컬로 성공할 때 72%의 확률로 카드가 나와 주위 적을 214%의 데미지로 자동 공격하고 #c카드 스택 수치 1증가#\n#c반전 카드# : 최대 4명의 적을 760%의 데미지로 공격, 재발동 대기시간 5초\n추가 회피 확률 6% 증가\n카드의 일반 몬스터 공격 시 데미지 150% 증가"
24120002,7,"팬텀의 공격이 크리티컬로 성공할 때 74%의 확률로 카드가 나와 주위 적을 218%의 데미지로 자동 공격하고 #c카드 스택 수치 1증가#\n#c반전 카드# : 최대 4명의 적을 770%의 데미지로 공격, 재발동 대기시간 5초\n추가 회피 확률 7% 증가\n카드의 일반 몬스터 공격 시 데미지 150% 증가"
24120002,8,"팬텀의 공격이 크리티컬로 성공할 때 76%의 확률로 카드가 나와 주위 적을 222%의 데미지로 자동 공격하고 #c카드 스택 수치 1증가#\n#c반전 카드# : 최대 4명의 적을 780%의 데미지로 공격, 재발동 대기시간 5초\n추가 회피 확률 8% 증가\n카드의 일반 몬스터 공격 시 데미지 150% 증가"
24120002,9,"팬텀의 공격이 크리티컬로 성공할 때 78%의 확률로 카드가 나와 주위 적을 226%의 데미지로 자동 공격하고 #c카드 스택 수치 1증가#\n#c반전 카드# : 최대 4명의 적을 790%의 데미지로 공격, 재발동 대기시간 5초\n추가 회피 확률 9% 증가\n카드의 일반 몬스터 공격 시 데미지 150% 증가"
24120002,10,"팬텀의 공격이 크리티컬로 성공할 때 80%의 확률로 카드가 나와 주위 적을 230%의 데미지로 자동 공격하고 #c카드 스택 수치 1증가#\n#c반전 카드# : 최대 4명의 적을 800%의 데미지로 공격, 재발동 대기시간 5초\n추가 회피 확률 10% 증가\n카드의 일반 몬스터 공격 시 데미지 150% 증가"
24120002,11,"팬텀의 공격이 크리티컬로 성공할 때 82%의 확률로 카드가 나와 주위 적을 234%의 데미지로 자동 공격하고 #c카드 스택 수치 1증가#\n#c반전 카드# : 최대 4명의 적을 810%의 데미지로 공격, 재발동 대기시간 5초\n추가 회피 확률 11% 증가\n카드의 일반 몬스터 공격 시 데미지 150% 증가"
24120002,12,"팬텀의 공격이 크리티컬로 성공할 때 84%의 확률로 카드가 나와 주위 적을 238%의 데미지로 자동 공격하고 #c카드 스택 수치 1증가#\n#c반전 카드# : 최대 4명의 적을 820%의 데미지로 공격, 재발동 대기시간 5초\n추가 회피 확률 12% 증가\n카드의 일반 몬스터 공격 시 데미지 150% 증가"
24120002,13,"팬텀의 공격이 크리티컬로 성공할 때 86%의 확률로 카드가 나와 주위 적을 242%의 데미지로 자동 공격하고 #c카드 스택 수치 1증가#\n#c반전 카드# : 최대 4명의 적을 830%의 데미지로 공격, 재발동 대기시간 5초\n추가 회피 확률 13% 증가\n카드의 일반 몬스터 공격 시 데미지 150% 증가"
24120002,14,"팬텀의 공격이 크리티컬로 성공할 때 88%의 확률로 카드가 나와 주위 적을 246%의 데미지로 자동 공격하고 #c카드 스택 수치 1증가#\n#c반전 카드# : 최대 4명의 적을 840%의 데미지로 공격, 재발동 대기시간 5초\n추가 회피 확률 14% 증가\n카드의 일반 몬스터 공격 시 데미지 150% 증가"
24120002,15,"팬텀의 공격이 크리티컬로 성공할 때 90%의 확률로 카드가 나와 주위 적을 250%의 데미지로 자동 공격하고 #c카드 스택 수치 1증가#\n#c반전 카드# : 최대 4명의 적을 850%의 데미지로 공격, 재발동 대기시간 5초\n추가 회피 확률 15% 증가\n카드의 일반 몬스터 공격 시 데미지 150% 증가"
24120002,16,"팬텀의 공격이 크리티컬로 성공할 때 92%의 확률로 카드가 나와 주위 적을 254%의 데미지로 자동 공격하고 #c카드 스택 수치 1증가#\n#c반전 카드# : 최대 4명의 적을 860%의 데미지로 공격, 재발동 대기시간 5초\n추가 회피 확률 16% 증가\n카드의 일반 몬스터 공격 시 데미지 150% 증가"
24120002,17,"팬텀의 공격이 크리티컬로 성공할 때 94%의 확률로 카드가 나와 주위 적을 258%의 데미지로 자동 공격하고 #c카드 스택 수치 1증가#\n#c반전 카드# : 최대 4명의 적을 870%의 데미지로 공격, 재발동 대기시간 5초\n추가 회피 확률 17% 증가\n카드의 일반 몬스터 공격 시 데미지 150% 증가"
24120002,18,"팬텀의 공격이 크리티컬로 성공할 때 96%의 확률로 카드가 나와 주위 적을 262%의 데미지로 자동 공격하고 #c카드 스택 수치 1증가#\n#c반전 카드# : 최대 4명의 적을 880%의 데미지로 공격, 재발동 대기시간 5초\n추가 회피 확률 18% 증가\n카드의 일반 몬스터 공격 시 데미지 150% 증가"
24120002,19,"팬텀의 공격이 크리티컬로 성공할 때 98%의 확률로 카드가 나와 주위 적을 266%의 데미지로 자동 공격하고 #c카드 스택 수치 1증가#\n#c반전 카드# : 최대 4명의 적을 890%의 데미지로 공격, 재발동 대기시간 5초\n추가 회피 확률 19% 증가\n카드의 일반 몬스터 공격 시 데미지 150% 증가"
24120002,20,"팬텀의 공격이 크리티컬로 성공할 때 100%의 확률로 카드가 나와 주위 적을 270%의 데미지로 자동 공격하고 #c카드 스택 수치 1증가#\n#c반전 카드# : 최대 4명의 적을 900%의 데미지로 공격, 재발동 대기시간 5초\n추가 회피 확률 20% 증가\n카드의 일반 몬스터 공격 시 데미지 150% 증가"
24121011,1,
24121011,2,
24121011,3,
24121011,4,
24121011,5,
24121011,6,
24121011,7,
24121011,8,
24121011,9,
24121011,10,
24121011,11,
24121011,12,
24121011,13,
24121011,14,
24121011,15,
24121011,16,
24121011,17,
24121011,18,
24121011,19,
24121011,20,
24121007,1,"MP 50 소비, 최대 12명의 주변 몬스터에게 걸린 버프를 훔쳐서 자신에게 건다. 훔쳐서 적용되는 버프 내용은 아래와 같다. \n#c공격력#: 공격력 2 증가\n#c피해 무효화#: 받는 피해량 2% 감소\n#c공격반사#: 받는 데미지의 30%의 데미지 반사\n#c물리/마법무효, 하드스킨#: 일부 공격을 제외하고는 피해를 입지 않는 일시적 무적\n재사용 대기시간 177초"
24121007,2,"MP 51 소비, 최대 12명의 주변 몬스터에게 걸린 버프를 훔쳐서 자신에게 건다. 훔쳐서 적용되는 버프 내용은 아래와 같다. \n#c공격력#: 공격력 4 증가\n#c피해 무효화#: 받는 피해량 4% 감소\n#c공격반사#: 받는 데미지의 60%의 데미지 반사\n#c물리/마법무효, 하드스킨#: 일부 공격을 제외하고는 피해를 입지 않는 일시적 무적\n재사용 대기시간 174초"
24121007,3,"MP 51 소비, 최대 12명의 주변 몬스터에게 걸린 버프를 훔쳐서 자신에게 건다. 훔쳐서 적용되는 버프 내용은 아래와 같다. \n#c공격력#: 공격력 6 증가\n#c피해 무효화#: 받는 피해량 6% 감소\n#c공격반사#: 받는 데미지의 90%의 데미지 반사\n#c물리/마법무효, 하드스킨#: 일부 공격을 제외하고는 피해를 입지 않는 일시적 무적\n재사용 대기시간 171초"
24121007,4,"MP 52 소비, 최대 12명의 주변 몬스터에게 걸린 버프를 훔쳐서 자신에게 건다. 훔쳐서 적용되는 버프 내용은 아래와 같다. \n#c공격력#: 공격력 8 증가\n#c피해 무효화#: 받는 피해량 8% 감소\n#c공격반사#: 받는 데미지의 120%의 데미지 반사\n#c물리/마법무효, 하드스킨#: 일부 공격을 제외하고는 피해를 입지 않는 일시적 무적\n재사용 대기시간 168초"
24121007,5,"MP 52 소비, 최대 12명의 주변 몬스터에게 걸린 버프를 훔쳐서 자신에게 건다. 훔쳐서 적용되는 버프 내용은 아래와 같다. \n#c공격력#: 공격력 10 증가\n#c피해 무효화#: 받는 피해량 10% 감소\n#c공격반사#: 받는 데미지의 150%의 데미지 반사\n#c물리/마법무효, 하드스킨#: 일부 공격을 제외하고는 피해를 입지 않는 일시적 무적\n재사용 대기시간 165초"
24121007,6,"MP 53 소비, 최대 12명의 주변 몬스터에게 걸린 버프를 훔쳐서 자신에게 건다. 훔쳐서 적용되는 버프 내용은 아래와 같다. \n#c공격력#: 공격력 12 증가\n#c피해 무효화#: 받는 피해량 12% 감소\n#c공격반사#: 받는 데미지의 180%의 데미지 반사\n#c물리/마법무효, 하드스킨#: 일부 공격을 제외하고는 피해를 입지 않는 일시적 무적\n재사용 대기시간 162초"
24121007,7,"MP 53 소비, 최대 12명의 주변 몬스터에게 걸린 버프를 훔쳐서 자신에게 건다. 훔쳐서 적용되는 버프 내용은 아래와 같다. \n#c공격력#: 공격력 14 증가\n#c피해 무효화#: 받는 피해량 14% 감소\n#c공격반사#: 받는 데미지의 210%의 데미지 반사\n#c물리/마법무효, 하드스킨#: 일부 공격을 제외하고는 피해를 입지 않는 일시적 무적\n재사용 대기시간 159초"
24121007,8,"MP 54 소비, 최대 12명의 주변 몬스터에게 걸린 버프를 훔쳐서 자신에게 건다. 훔쳐서 적용되는 버프 내용은 아래와 같다. \n#c공격력#: 공격력 16 증가\n#c피해 무효화#: 받는 피해량 16% 감소\n#c공격반사#: 받는 데미지의 240%의 데미지 반사\n#c물리/마법무효, 하드스킨#: 일부 공격을 제외하고는 피해를 입지 않는 일시적 무적\n재사용 대기시간 156초"
24121007,9,"MP 54 소비, 최대 12명의 주변 몬스터에게 걸린 버프를 훔쳐서 자신에게 건다. 훔쳐서 적용되는 버프 내용은 아래와 같다. \n#c공격력#: 공격력 18 증가\n#c피해 무효화#: 받는 피해량 18% 감소\n#c공격반사#: 받는 데미지의 270%의 데미지 반사\n#c물리/마법무효, 하드스킨#: 일부 공격을 제외하고는 피해를 입지 않는 일시적 무적\n재사용 대기시간 153초"
24121007,10,"MP 55 소비, 최대 12명의 주변 몬스터에게 걸린 버프를 훔쳐서 자신에게 건다. 훔쳐서 적용되는 버프 내용은 아래와 같다. \n#c공격력#: 공격력 20 증가\n#c피해 무효화#: 받는 피해량 20% 감소\n#c공격반사#: 받는 데미지의 300%의 데미지 반사\n#c물리/마법무효, 하드스킨#: 일부 공격을 제외하고는 피해를 입지 않는 일시적 무적\n재사용 대기시간 150초"
24121007,11,"MP 55 소비, 최대 12명의 주변 몬스터에게 걸린 버프를 훔쳐서 자신에게 건다. 훔쳐서 적용되는 버프 내용은 아래와 같다. \n#c공격력#: 공격력 22 증가\n#c피해 무효화#: 받는 피해량 22% 감소\n#c공격반사#: 받는 데미지의 330%의 데미지 반사\n#c물리/마법무효, 하드스킨#: 일부 공격을 제외하고는 피해를 입지 않는 일시적 무적\n재사용 대기시간 147초"
24121007,12,"MP 56 소비, 최대 12명의 주변 몬스터에게 걸린 버프를 훔쳐서 자신에게 건다. 훔쳐서 적용되는 버프 내용은 아래와 같다. \n#c공격력#: 공격력 24 증가\n#c피해 무효화#: 받는 피해량 24% 감소\n#c공격반사#: 받는 데미지의 360%의 데미지 반사\n#c물리/마법무효, 하드스킨#: 일부 공격을 제외하고는 피해를 입지 않는 일시적 무적\n재사용 대기시간 144초"
24121007,13,"MP 56 소비, 최대 12명의 주변 몬스터에게 걸린 버프를 훔쳐서 자신에게 건다. 훔쳐서 적용되는 버프 내용은 아래와 같다. \n#c공격력#: 공격력 26 증가\n#c피해 무효화#: 받는 피해량 26% 감소\n#c공격반사#: 받는 데미지의 390%의 데미지 반사\n#c물리/마법무효, 하드스킨#: 일부 공격을 제외하고는 피해를 입지 않는 일시적 무적\n재사용 대기시간 141초"
24121007,14,"MP 57 소비, 최대 12명의 주변 몬스터에게 걸린 버프를 훔쳐서 자신에게 건다. 훔쳐서 적용되는 버프 내용은 아래와 같다. \n#c공격력#: 공격력 28 증가\n#c피해 무효화#: 받는 피해량 28% 감소\n#c공격반사#: 받는 데미지의 420%의 데미지 반사\n#c물리/마법무효, 하드스킨#: 일부 공격을 제외하고는 피해를 입지 않는 일시적 무적\n재사용 대기시간 138초"
24121007,15,"MP 57 소비, 최대 12명의 주변 몬스터에게 걸린 버프를 훔쳐서 자신에게 건다. 훔쳐서 적용되는 버프 내용은 아래와 같다. \n#c공격력#: 공격력 30 증가\n#c피해 무효화#: 받는 피해량 30% 감소\n#c공격반사#: 받는 데미지의 450%의 데미지 반사\n#c물리/마법무효, 하드스킨#: 일부 공격을 제외하고는 피해를 입지 않는 일시적 무적\n재사용 대기시간 135초"
24121007,16,"MP 58 소비, 최대 12명의 주변 몬스터에게 걸린 버프를 훔쳐서 자신에게 건다. 훔쳐서 적용되는 버프 내용은 아래와 같다. \n#c공격력#: 공격력 32 증가\n#c피해 무효화#: 받는 피해량 32% 감소\n#c공격반사#: 받는 데미지의 480%의 데미지 반사\n#c물리/마법무효, 하드스킨#: 일부 공격을 제외하고는 피해를 입지 않는 일시적 무적\n재사용 대기시간 132초"
24121007,17,"MP 58 소비, 최대 12명의 주변 몬스터에게 걸린 버프를 훔쳐서 자신에게 건다. 훔쳐서 적용되는 버프 내용은 아래와 같다. \n#c공격력#: 공격력 34 증가\n#c피해 무효화#: 받는 피해량 34% 감소\n#c공격반사#: 받는 데미지의 510%의 데미지 반사\n#c물리/마법무효, 하드스킨#: 일부 공격을 제외하고는 피해를 입지 않는 일시적 무적\n재사용 대기시간 129초"
24121007,18,"MP 59 소비, 최대 12명의 주변 몬스터에게 걸린 버프를 훔쳐서 자신에게 건다. 훔쳐서 적용되는 버프 내용은 아래와 같다. \n#c공격력#: 공격력 36 증가\n#c피해 무효화#: 받는 피해량 36% 감소\n#c공격반사#: 받는 데미지의 540%의 데미지 반사\n#c물리/마법무효, 하드스킨#: 일부 공격을 제외하고는 피해를 입지 않는 일시적 무적\n재사용 대기시간 126초"
24121007,19,"MP 59 소비, 최대 12명의 주변 몬스터에게 걸린 버프를 훔쳐서 자신에게 건다. 훔쳐서 적용되는 버프 내용은 아래와 같다. \n#c공격력#: 공격력 38 증가\n#c피해 무효화#: 받는 피해량 38% 감소\n#c공격반사#: 받는 데미지의 570%의 데미지 반사\n#c물리/마법무효, 하드스킨#: 일부 공격을 제외하고는 피해를 입지 않는 일시적 무적\n재사용 대기시간 123초"
24121007,20,"MP 60 소비, 최대 12명의 주변 몬스터에게 걸린 버프를 훔쳐서 자신에게 건다. 훔쳐서 적용되는 버프 내용은 아래와 같다. \n#c공격력#: 공격력 40 증가\n#c피해 무효화#: 받는 피해량 40% 감소\n#c공격반사#: 받는 데미지의 600%의 데미지 반사\n#c물리/마법무효, 하드스킨#: 일부 공격을 제외하고는 피해를 입지 않는 일시적 무적\n재사용 대기시간 120초"
24121004,1,"MP 33 소비, 아리아의 환영 등장\n[패시브 효과 : 데미지 1% 증가, 공격 시 1%만큼 적의 방어율을 무시, 스탠스 2% 증가]"
24121004,2,"MP 36 소비, 아리아의 환영 등장\n[패시브 효과 : 데미지 2% 증가, 공격 시 2%만큼 적의 방어율을 무시, 스탠스 4% 증가]"
24121004,3,"MP 39 소비, 아리아의 환영 등장\n[패시브 효과 : 데미지 3% 증가, 공격 시 3%만큼 적의 방어율을 무시, 스탠스 6% 증가]"
24121004,4,"MP 42 소비, 아리아의 환영 등장\n[패시브 효과 : 데미지 4% 증가, 공격 시 4%만큼 적의 방어율을 무시, 스탠스 8% 증가]"
24121004,5,"MP 45 소비, 아리아의 환영 등장\n[패시브 효과 : 데미지 5% 증가, 공격 시 5%만큼 적의 방어율을 무시, 스탠스 10% 증가]"
24121004,6,"MP 48 소비, 아리아의 환영 등장\n[패시브 효과 : 데미지 6% 증가, 공격 시 6%만큼 적의 방어율을 무시, 스탠스 12% 증가]"
24121004,7,"MP 51 소비, 아리아의 환영 등장\n[패시브 효과 : 데미지 7% 증가, 공격 시 7%만큼 적의 방어율을 무시, 스탠스 14% 증가]"
24121004,8,"MP 54 소비, 아리아의 환영 등장\n[패시브 효과 : 데미지 8% 증가, 공격 시 8%만큼 적의 방어율을 무시, 스탠스 16% 증가]"
24121004,9,"MP 57 소비, 아리아의 환영 등장\n[패시브 효과 : 데미지 9% 증가, 공격 시 9%만큼 적의 방어율을 무시, 스탠스 18% 증가]"
24121004,10,"MP 60 소비, 아리아의 환영 등장\n[패시브 효과 : 데미지 10% 증가, 공격 시 10%만큼 적의 방어율을 무시, 스탠스 20% 증가]"
24121004,11,"MP 63 소비, 아리아의 환영 등장\n[패시브 효과 : 데미지 11% 증가, 공격 시 11%만큼 적의 방어율을 무시, 스탠스 22% 증가]"
24121004,12,"MP 66 소비, 아리아의 환영 등장\n[패시브 효과 : 데미지 12% 증가, 공격 시 12%만큼 적의 방어율을 무시, 스탠스 24% 증가]"
24121004,13,"MP 69 소비, 아리아의 환영 등장\n[패시브 효과 : 데미지 13% 증가, 공격 시 13%만큼 적의 방어율을 무시, 스탠스 26% 증가]"
24121004,14,"MP 72 소비, 아리아의 환영 등장\n[패시브 효과 : 데미지 14% 증가, 공격 시 14%만큼 적의 방어율을 무시, 스탠스 28% 증가]"
24121004,15,"MP 75 소비, 아리아의 환영 등장\n[패시브 효과 : 데미지 15% 증가, 공격 시 15%만큼 적의 방어율을 무시, 스탠스 30% 증가]"
24121004,16,"MP 78 소비, 아리아의 환영 등장\n[패시브 효과 : 데미지 16% 증가, 공격 시 16%만큼 적의 방어율을 무시, 스탠스 32% 증가]"
24121004,17,"MP 81 소비, 아리아의 환영 등장\n[패시브 효과 : 데미지 17% 증가, 공격 시 17%만큼 적의 방어율을 무시, 스탠스 34% 증가]"
24121004,18,"MP 84 소비, 아리아의 환영 등장\n[패시브 효과 : 데미지 18% 증가, 공격 시 18%만큼 적의 방어율을 무시, 스탠스 36% 증가]"
24121004,19,"MP 87 소비, 아리아의 환영 등장\n[패시브 효과 : 데미지 19% 증가, 공격 시 19%만큼 적의 방어율을 무시, 스탠스 38% 증가]"
24121004,20,"MP 90 소비, 아리아의 환영 등장\n[패시브 효과 : 데미지 20% 증가, 공격 시 20%만큼 적의 방어율을 무시, 스탠스 40% 증가]"
24121004,21,"MP 93 소비, 아리아의 환영 등장\n[패시브 효과 : 데미지 21% 증가, 공격 시 21%만큼 적의 방어율을 무시, 스탠스 42% 증가]"
24121004,22,"MP 96 소비, 아리아의 환영 등장\n[패시브 효과 : 데미지 22% 증가, 공격 시 22%만큼 적의 방어율을 무시, 스탠스 44% 증가]"
24121004,23,"MP 99 소비, 아리아의 환영 등장\n[패시브 효과 : 데미지 23% 증가, 공격 시 23%만큼 적의 방어율을 무시, 스탠스 46% 증가]"
24121004,24,"MP 102 소비, 아리아의 환영 등장\n[패시브 효과 : 데미지 24% 증가, 공격 시 24%만큼 적의 방어율을 무시, 스탠스 48% 증가]"
24121004,25,"MP 105 소비, 아리아의 환영 등장\n[패시브 효과 : 데미지 25% 증가, 공격 시 25%만큼 적의 방어율을 무시, 스탠스 50% 증가]"
24121004,26,"MP 108 소비, 아리아의 환영 등장\n[패시브 효과 : 데미지 26% 증가, 공격 시 26%만큼 적의 방어율을 무시, 스탠스 52% 증가]"
24121004,27,"MP 111 소비, 아리아의 환영 등장\n[패시브 효과 : 데미지 27% 증가, 공격 시 27%만큼 적의 방어율을 무시, 스탠스 54% 증가]"
24121004,28,"MP 114 소비, 아리아의 환영 등장\n[패시브 효과 : 데미지 28% 증가, 공격 시 28%만큼 적의 방어율을 무시, 스탠스 56% 증가]"
24121004,29,"MP 117 소비, 아리아의 환영 등장\n[패시브 효과 : 데미지 29% 증가, 공격 시 29%만큼 적의 방어율을 무시, 스탠스 58% 증가]"
24121004,30,"MP 120 소비, 아리아의 환영 등장\n[패시브 효과 : 데미지 30% 증가, 공격 시 30%만큼 적의 방어율을 무시, 스탠스 60% 증가]"
24121004,31,"MP 123 소비, 아리아의 환영 등장\n[패시브 효과 : 데미지 31% 증가, 공격 시 31%만큼 적의 방어율을 무시, 스탠스 62% 증가]"
24121004,32,"MP 126 소비, 아리아의 환영 등장\n[패시브 효과 : 데미지 32% 증가, 공격 시 32%만큼 적의 방어율을 무시, 스탠스 64% 증가]"
24121008,1,"MP 10 소비, 30초 동안 AP를 직접 투자한 모든 능력치 1% 증가"
24121008,2,"MP 10 소비, 60초 동안 AP를 직접 투자한 모든 능력치 1% 증가"
24121008,3,"MP 10 소비, 90초 동안 AP를 직접 투자한 모든 능력치 2% 증가"
24121008,4,"MP 10 소비, 120초 동안 AP를 직접 투자한 모든 능력치 2% 증가"
24121008,5,"MP 20 소비, 150초 동안 AP를 직접 투자한 모든 능력치 3% 증가"
24121008,6,"MP 20 소비, 180초 동안 AP를 직접 투자한 모든 능력치 3% 증가"
24121008,7,"MP 20 소비, 210초 동안 AP를 직접 투자한 모든 능력치 4% 증가"
24121008,8,"MP 20 소비, 240초 동안 AP를 직접 투자한 모든 능력치 4% 증가"
24121008,9,"MP 20 소비, 270초 동안 AP를 직접 투자한 모든 능력치 5% 증가"
24121008,10,"MP 30 소비, 300초 동안 AP를 직접 투자한 모든 능력치 5% 증가"
24121008,11,"MP 30 소비, 330초 동안 AP를 직접 투자한 모든 능력치 6% 증가"
24121008,12,"MP 30 소비, 360초 동안 AP를 직접 투자한 모든 능력치 6% 증가"
24121008,13,"MP 30 소비, 390초 동안 AP를 직접 투자한 모든 능력치 7% 증가"
24121008,14,"MP 30 소비, 420초 동안 AP를 직접 투자한 모든 능력치 7% 증가"
24121008,15,"MP 40 소비, 450초 동안 AP를 직접 투자한 모든 능력치 8% 증가"
24121008,16,"MP 40 소비, 480초 동안 AP를 직접 투자한 모든 능력치 8% 증가"
24121008,17,"MP 40 소비, 510초 동안 AP를 직접 투자한 모든 능력치 9% 증가"
24121008,18,"MP 40 소비, 540초 동안 AP를 직접 투자한 모든 능력치 9% 증가"
24121008,19,"MP 40 소비, 570초 동안 AP를 직접 투자한 모든 능력치 10% 증가"
24121008,20,"MP 50 소비, 600초 동안 AP를 직접 투자한 모든 능력치 10% 증가"
24121008,21,"MP 50 소비, 630초 동안 AP를 직접 투자한 모든 능력치 11% 증가"
24121008,22,"MP 50 소비, 660초 동안 AP를 직접 투자한 모든 능력치 11% 증가"
24121008,23,"MP 50 소비, 690초 동안 AP를 직접 투자한 모든 능력치 12% 증가"
24121008,24,"MP 50 소비, 720초 동안 AP를 직접 투자한 모든 능력치 12% 증가"
24121008,25,"MP 60 소비, 750초 동안 AP를 직접 투자한 모든 능력치 13% 증가"
24121008,26,"MP 60 소비, 780초 동안 AP를 직접 투자한 모든 능력치 13% 증가"
24121008,27,"MP 60 소비, 810초 동안 AP를 직접 투자한 모든 능력치 14% 증가"
24121008,28,"MP 60 소비, 840초 동안 AP를 직접 투자한 모든 능력치 14% 증가"
24121008,29,"MP 60 소비, 870초 동안 AP를 직접 투자한 모든 능력치 15% 증가"
24121008,30,"MP 70 소비, 900초 동안 AP를 직접 투자한 모든 능력치 15% 증가"
24121008,31,"MP 70 소비, 930초 동안 AP를 직접 투자한 모든 능력치 16% 증가"
24121008,32,"MP 70 소비, 960초 동안 AP를 직접 투자한 모든 능력치 16% 증가"
24121009,1,"MP 30 소비, 재사용 대기시간 540초"
24121009,2,"MP 30 소비, 재사용 대기시간 480초"
24121009,3,"MP 30 소비, 재사용 대기시간 420초"
24121009,4,"MP 30 소비, 재사용 대기시간 360초"
24121009,5,"MP 30 소비, 재사용 대기시간 300초"
24120006,1,"케인 숙련도 증가량 56%로 증가, 공격력 11, 크리티컬 데미지 5%, 최종 데미지 17% 증가"
24120006,2,"케인 숙련도 증가량 56%로 증가, 공격력 12, 크리티컬 데미지 5%, 최종 데미지 18% 증가"
24120006,3,"케인 숙련도 증가량 57%로 증가, 공격력 13, 크리티컬 데미지 6%, 최종 데미지 18% 증가"
24120006,4,"케인 숙련도 증가량 57%로 증가, 공격력 14, 크리티컬 데미지 6%, 최종 데미지 19% 증가"
24120006,5,"케인 숙련도 증가량 58%로 증가, 공격력 15, 크리티컬 데미지 6%, 최종 데미지 19% 증가"
24120006,6,"케인 숙련도 증가량 58%로 증가, 공격력 16, 크리티컬 데미지 7%, 최종 데미지 20% 증가"
24120006,7,"케인 숙련도 증가량 59%로 증가, 공격력 17, 크리티컬 데미지 7%, 최종 데미지 20% 증가"
24120006,8,"케인 숙련도 증가량 59%로 증가, 공격력 18, 크리티컬 데미지 7%, 최종 데미지 21% 증가"
24120006,9,"케인 숙련도 증가량 60%로 증가, 공격력 19, 크리티컬 데미지 8%, 최종 데미지 21% 증가"
24120006,10,"케인 숙련도 증가량 60%로 증가, 공격력 20, 크리티컬 데미지 8%, 최종 데미지 22% 증가"
24120006,11,"케인 숙련도 증가량 61%로 증가, 공격력 21, 크리티컬 데미지 8%, 최종 데미지 22% 증가"
24120006,12,"케인 숙련도 증가량 61%로 증가, 공격력 22, 크리티컬 데미지 9%, 최종 데미지 23% 증가"
24120006,13,"케인 숙련도 증가량 62%로 증가, 공격력 23, 크리티컬 데미지 9%, 최종 데미지 23% 증가"
24120006,14,"케인 숙련도 증가량 62%로 증가, 공격력 24, 크리티컬 데미지 9%, 최종 데미지 24% 증가"
24120006,15,"케인 숙련도 증가량 63%로 증가, 공격력 25, 크리티컬 데미지 10%, 최종 데미지 24% 증가"
24120006,16,"케인 숙련도 증가량 63%로 증가, 공격력 26, 크리티컬 데미지 10%, 최종 데미지 25% 증가"
24120006,17,"케인 숙련도 증가량 64%로 증가, 공격력 27, 크리티컬 데미지 10%, 최종 데미지 25% 증가"
24120006,18,"케인 숙련도 증가량 64%로 증가, 공격력 28, 크리티컬 데미지 11%, 최종 데미지 26% 증가"
24120006,19,"케인 숙련도 증가량 65%로 증가, 공격력 29, 크리티컬 데미지 11%, 최종 데미지 26% 증가"
24120006,20,"케인 숙련도 증가량 65%로 증가, 공격력 30, 크리티컬 데미지 11%, 최종 데미지 27% 증가"
24120006,21,"케인 숙련도 증가량 66%로 증가, 공격력 31, 크리티컬 데미지 12%, 최종 데미지 27% 증가"
24120006,22,"케인 숙련도 증가량 66%로 증가, 공격력 32, 크리티컬 데미지 12%, 최종 데미지 28% 증가"
24120006,23,"케인 숙련도 증가량 67%로 증가, 공격력 33, 크리티컬 데미지 12%, 최종 데미지 28% 증가"
24120006,24,"케인 숙련도 증가량 67%로 증가, 공격력 34, 크리티컬 데미지 13%, 최종 데미지 29% 증가"
24120006,25,"케인 숙련도 증가량 68%로 증가, 공격력 35, 크리티컬 데미지 13%, 최종 데미지 29% 증가"
24120006,26,"케인 숙련도 증가량 68%로 증가, 공격력 36, 크리티컬 데미지 13%, 최종 데미지 30% 증가"
24120006,27,"케인 숙련도 증가량 69%로 증가, 공격력 37, 크리티컬 데미지 14%, 최종 데미지 30% 증가"
24120006,28,"케인 숙련도 증가량 69%로 증가, 공격력 38, 크리티컬 데미지 14%, 최종 데미지 31% 증가"
24120006,29,"케인 숙련도 증가량 70%로 증가, 공격력 39, 크리티컬 데미지 14%, 최종 데미지 31% 증가"
24120006,30,"케인 숙련도 증가량 70%로 증가, 공격력 40, 크리티컬 데미지 15%, 최종 데미지 32% 증가"
24120006,31,"케인 숙련도 증가량 71%로 증가, 공격력 41, 크리티컬 데미지 15%, 최종 데미지 32% 증가"
24120006,32,"케인 숙련도 증가량 71%로 증가, 공격력 42, 크리티컬 데미지 15%, 최종 데미지 33% 증가"
24121010,1,최대 10명의 적에게 363% 데미지로 3번 공격
24121010,2,최대 10명의 적에게 366% 데미지로 3번 공격
24121010,3,최대 10명의 적에게 369% 데미지로 3번 공격
24121010,4,최대 10명의 적에게 372% 데미지로 3번 공격
24121010,5,최대 10명의 적에게 375% 데미지로 3번 공격
24121010,6,최대 10명의 적에게 378% 데미지로 3번 공격
24121010,7,최대 10명의 적에게 381% 데미지로 3번 공격
24121010,8,최대 10명의 적에게 384% 데미지로 3번 공격
24121010,9,최대 10명의 적에게 387% 데미지로 3번 공격
24121010,10,최대 10명의 적에게 390% 데미지로 3번 공격
24121010,11,최대 10명의 적에게 393% 데미지로 3번 공격
24121010,12,최대 10명의 적에게 396% 데미지로 3번 공격
24121010,13,최대 10명의 적에게 399% 데미지로 3번 공격
24121010,14,최대 10명의 적에게 402% 데미지로 3번 공격
24121010,15,최대 10명의 적에게 405% 데미지로 3번 공격
24121010,16,최대 10명의 적에게 408% 데미지로 3번 공격
24121010,17,최대 10명의 적에게 411% 데미지로 3번 공격
24121010,18,최대 10명의 적에게 414% 데미지로 3번 공격
24121010,19,최대 10명의 적에게 417% 데미지로 3번 공격
24121010,20,최대 10명의 적에게 420% 데미지로 3번 공격
24121010,21,최대 10명의 적에게 423% 데미지로 3번 공격
24121010,22,최대 10명의 적에게 426% 데미지로 3번 공격
24121010,23,최대 10명의 적에게 429% 데미지로 3번 공격
24121010,24,최대 10명의 적에게 432% 데미지로 3번 공격
24121010,25,최대 10명의 적에게 435% 데미지로 3번 공격
24121010,26,최대 10명의 적에게 438% 데미지로 3번 공격
24121010,27,최대 10명의 적에게 441% 데미지로 3번 공격
24121010,28,최대 10명의 적에게 444% 데미지로 3번 공격
24121010,29,최대 10명의 적에게 447% 데미지로 3번 공격
24121010,30,최대 10명의 적에게 450% 데미지로 3번 공격
24121010,31,최대 10명의 적에게 453% 데미지로 3번 공격
24121010,32,최대 10명의 적에게 456% 데미지로 3번 공격
24120043,1,데미지 20% 증가
24120044,1,재사용 대기시간 20% 감소
24120045,1,최대 공격 가능한 몬스터 수 2 증가
24120046,1,데미지 20% 증가
24120047,1,최대 공격 가능한 몬스터 수 2 증가
24120048,1,몬스터 방어율 무시 20% 추가 증가
24120049,1,데미지 15% 증가
24120050,1,버프 지속시간 10% 증가
24120051,1,스킬 매니지먼트의 훔친 4차 스킬 슬롯 1개 증가
24121052,1,"MP 200 소비, 화면의 15명의 적에게 700% 데미지로 6번 공격. 8초 동안 카드 주변의 6명의 적에게 200% 데미지로 2번 공격\n재사용 대기시간 30초"
24121053,1,"MP 100 소비, 60초 동안 데미지 10% 증가\n재사용 대기시간 120초. 파티원 중 영웅 직업군에만 효과"
24121054,1,사용 시 세팅된 스킬의 MP 소비량만큼 MP를 소비.
24120055,1,6명의 적에게 200% 데미지로 2번 공격
24141000,1,"공격당 MP 22 소비, 최대 3초 키다운하여 일정 간격마다 최대 8명의 적을 492%의 데미지로 4번 공격\n재사용 대기시간 18초"
24141000,2,"공격당 MP 22 소비, 최대 3초 키다운하여 일정 간격마다 최대 8명의 적을 504%의 데미지로 4번 공격\n재사용 대기시간 18초"
24141000,3,"공격당 MP 22 소비, 최대 3초 키다운하여 일정 간격마다 최대 8명의 적을 516%의 데미지로 4번 공격\n재사용 대기시간 18초"
24141000,4,"공격당 MP 22 소비, 최대 3초 키다운하여 일정 간격마다 최대 8명의 적을 528%의 데미지로 4번 공격\n재사용 대기시간 18초"
24141000,5,"공격당 MP 22 소비, 최대 3초 키다운하여 일정 간격마다 최대 8명의 적을 540%의 데미지로 4번 공격\n재사용 대기시간 18초"
24141000,6,"공격당 MP 22 소비, 최대 3초 키다운하여 일정 간격마다 최대 8명의 적을 552%의 데미지로 4번 공격\n재사용 대기시간 18초"
24141000,7,"공격당 MP 22 소비, 최대 3초 키다운하여 일정 간격마다 최대 8명의 적을 564%의 데미지로 4번 공격\n재사용 대기시간 18초"
24141000,8,"공격당 MP 22 소비, 최대 3초 키다운하여 일정 간격마다 최대 8명의 적을 576%의 데미지로 4번 공격\n재사용 대기시간 18초"
24141000,9,"공격당 MP 22 소비, 최대 3초 키다운하여 일정 간격마다 최대 8명의 적을 588%의 데미지로 4번 공격\n재사용 대기시간 18초"
24141000,10,"공격당 MP 23 소비, 최대 3초 키다운하여 일정 간격마다 최대 8명의 적을 600%의 데미지로 4번 공격\n재사용 대기시간 18초"
24141000,11,"공격당 MP 23 소비, 최대 3초 키다운하여 일정 간격마다 최대 8명의 적을 612%의 데미지로 4번 공격\n재사용 대기시간 18초"
24141000,12,"공격당 MP 23 소비, 최대 3초 키다운하여 일정 간격마다 최대 8명의 적을 624%의 데미지로 4번 공격\n재사용 대기시간 18초"
24141000,13,"공격당 MP 23 소비, 최대 3초 키다운하여 일정 간격마다 최대 8명의 적을 636%의 데미지로 4번 공격\n재사용 대기시간 18초"
24141000,14,"공격당 MP 23 소비, 최대 3초 키다운하여 일정 간격마다 최대 8명의 적을 648%의 데미지로 4번 공격\n재사용 대기시간 18초"
24141000,15,"공격당 MP 23 소비, 최대 3초 키다운하여 일정 간격마다 최대 8명의 적을 660%의 데미지로 4번 공격\n재사용 대기시간 18초"
24141000,16,"공격당 MP 23 소비, 최대 3초 키다운하여 일정 간격마다 최대 8명의 적을 672%의 데미지로 4번 공격\n재사용 대기시간 18초"
24141000,17,"공격당 MP 23 소비, 최대 3초 키다운하여 일정 간격마다 최대 8명의 적을 684%의 데미지로 4번 공격\n재사용 대기시간 18초"
24141000,18,"공격당 MP 23 소비, 최대 3초 키다운하여 일정 간격마다 최대 8명의 적을 696%의 데미지로 4번 공격\n재사용 대기시간 18초"
24141000,19,"공격당 MP 23 소비, 최대 3초 키다운하여 일정 간격마다 최대 8명의 적을 708%의 데미지로 4번 공격\n재사용 대기시간 18초"
24141000,20,"공격당 MP 24 소비, 최대 3초 키다운하여 일정 간격마다 최대 8명의 적을 720%의 데미지로 4번 공격\n재사용 대기시간 18초"
24141000,21,"공격당 MP 24 소비, 최대 3초 키다운하여 일정 간격마다 최대 8명의 적을 732%의 데미지로 4번 공격\n재사용 대기시간 18초"
24141000,22,"공격당 MP 24 소비, 최대 3초 키다운하여 일정 간격마다 최대 8명의 적을 744%의 데미지로 4번 공격\n재사용 대기시간 18초"
24141000,23,"공격당 MP 24 소비, 최대 3초 키다운하여 일정 간격마다 최대 8명의 적을 756%의 데미지로 4번 공격\n재사용 대기시간 18초"
24141000,24,"공격당 MP 24 소비, 최대 3초 키다운하여 일정 간격마다 최대 8명의 적을 768%의 데미지로 4번 공격\n재사용 대기시간 18초"
24141000,25,"공격당 MP 24 소비, 최대 3초 키다운하여 일정 간격마다 최대 8명의 적을 780%의 데미지로 4번 공격\n재사용 대기시간 18초"
24141000,26,"공격당 MP 24 소비, 최대 3초 키다운하여 일정 간격마다 최대 8명의 적을 792%의 데미지로 4번 공격\n재사용 대기시간 18초"
24141000,27,"공격당 MP 24 소비, 최대 3초 키다운하여 일정 간격마다 최대 8명의 적을 804%의 데미지로 4번 공격\n재사용 대기시간 18초"
24141000,28,"공격당 MP 24 소비, 최대 3초 키다운하여 일정 간격마다 최대 8명의 적을 816%의 데미지로 4번 공격\n재사용 대기시간 18초"
24141000,29,"공격당 MP 24 소비, 최대 3초 키다운하여 일정 간격마다 최대 8명의 적을 828%의 데미지로 4번 공격\n재사용 대기시간 18초"
24141000,30,"공격당 MP 25 소비, 최대 3초 키다운하여 일정 간격마다 최대 8명의 적을 840%의 데미지로 4번 공격\n재사용 대기시간 18초"
24141500,1,"MP 1200 소비, 시전 동작 중 무적\n운명을 거부하여 최대 15명의 적을 3255%의 데미지로 15번 공격하는 참격이 7회 발생\n30초 동안 일정 시간마다 최대 15명의 적을 3720%의 데미지로 4번 공격하는 영웅의 의지 발동\n재사용 대기시간 360초"
24141500,2,"MP 1200 소비, 시전 동작 중 무적\n운명을 거부하여 최대 15명의 적을 3360%의 데미지로 15번 공격하는 참격이 7회 발생\n30초 동안 일정 시간마다 최대 15명의 적을 3840%의 데미지로 4번 공격하는 영웅의 의지 발동\n재사용 대기시간 360초"
24141500,3,"MP 1200 소비, 시전 동작 중 무적\n운명을 거부하여 최대 15명의 적을 3465%의 데미지로 15번 공격하는 참격이 7회 발생\n30초 동안 일정 시간마다 최대 15명의 적을 3960%의 데미지로 4번 공격하는 영웅의 의지 발동\n재사용 대기시간 360초"
24141500,4,"MP 1200 소비, 시전 동작 중 무적\n운명을 거부하여 최대 15명의 적을 3570%의 데미지로 15번 공격하는 참격이 7회 발생\n30초 동안 일정 시간마다 최대 15명의 적을 4080%의 데미지로 4번 공격하는 영웅의 의지 발동\n재사용 대기시간 360초"
24141500,5,"MP 1200 소비, 시전 동작 중 무적\n운명을 거부하여 최대 15명의 적을 3675%의 데미지로 15번 공격하는 참격이 7회 발생\n30초 동안 일정 시간마다 최대 15명의 적을 4200%의 데미지로 4번 공격하는 영웅의 의지 발동\n재사용 대기시간 360초"
24141500,6,"MP 1200 소비, 시전 동작 중 무적\n운명을 거부하여 최대 15명의 적을 3780%의 데미지로 15번 공격하는 참격이 7회 발생\n30초 동안 일정 시간마다 최대 15명의 적을 4320%의 데미지로 4번 공격하는 영웅의 의지 발동\n재사용 대기시간 360초"
24141500,7,"MP 1200 소비, 시전 동작 중 무적\n운명을 거부하여 최대 15명의 적을 3885%의 데미지로 15번 공격하는 참격이 7회 발생\n30초 동안 일정 시간마다 최대 15명의 적을 4440%의 데미지로 4번 공격하는 영웅의 의지 발동\n재사용 대기시간 360초"
24141500,8,"MP 1200 소비, 시전 동작 중 무적\n운명을 거부하여 최대 15명의 적을 3990%의 데미지로 15번 공격하는 참격이 7회 발생\n30초 동안 일정 시간마다 최대 15명의 적을 4560%의 데미지로 4번 공격하는 영웅의 의지 발동\n재사용 대기시간 360초"
24141500,9,"MP 1200 소비, 시전 동작 중 무적\n운명을 거부하여 최대 15명의 적을 4095%의 데미지로 15번 공격하는 참격이 7회 발생\n30초 동안 일정 시간마다 최대 15명의 적을 4680%의 데미지로 4번 공격하는 영웅의 의지 발동\n재사용 대기시간 360초"
24141500,10,"MP 1200 소비, 시전 동작 중 무적\n운명을 거부하여 최대 15명의 적을 4200%의 데미지로 15번 공격하는 참격이 7회 발생\n30초 동안 일정 시간마다 최대 15명의 적을 4800%의 데미지로 4번 공격하는 영웅의 의지 발동\n재사용 대기시간 360초"
24141500,11,"MP 1200 소비, 시전 동작 중 무적\n운명을 거부하여 최대 15명의 적을 4305%의 데미지로 15번 공격하는 참격이 7회 발생\n30초 동안 일정 시간마다 최대 15명의 적을 4920%의 데미지로 4번 공격하는 영웅의 의지 발동\n재사용 대기시간 360초"
24141500,12,"MP 1200 소비, 시전 동작 중 무적\n운명을 거부하여 최대 15명의 적을 4410%의 데미지로 15번 공격하는 참격이 7회 발생\n30초 동안 일정 시간마다 최대 15명의 적을 5040%의 데미지로 4번 공격하는 영웅의 의지 발동\n재사용 대기시간 360초"
24141500,13,"MP 1200 소비, 시전 동작 중 무적\n운명을 거부하여 최대 15명의 적을 4515%의 데미지로 15번 공격하는 참격이 7회 발생\n30초 동안 일정 시간마다 최대 15명의 적을 5160%의 데미지로 4번 공격하는 영웅의 의지 발동\n재사용 대기시간 360초"
24141500,14,"MP 1200 소비, 시전 동작 중 무적\n운명을 거부하여 최대 15명의 적을 4620%의 데미지로 15번 공격하는 참격이 7회 발생\n30초 동안 일정 시간마다 최대 15명의 적을 5280%의 데미지로 4번 공격하는 영웅의 의지 발동\n재사용 대기시간 360초"
24141500,15,"MP 1200 소비, 시전 동작 중 무적\n운명을 거부하여 최대 15명의 적을 4725%의 데미지로 15번 공격하는 참격이 7회 발생\n30초 동안 일정 시간마다 최대 15명의 적을 5400%의 데미지로 4번 공격하는 영웅의 의지 발동\n재사용 대기시간 360초"
24141500,16,"MP 1200 소비, 시전 동작 중 무적\n운명을 거부하여 최대 15명의 적을 4830%의 데미지로 15번 공격하는 참격이 7회 발생\n30초 동안 일정 시간마다 최대 15명의 적을 5520%의 데미지로 4번 공격하는 영웅의 의지 발동\n재사용 대기시간 360초"
24141500,17,"MP 1200 소비, 시전 동작 중 무적\n운명을 거부하여 최대 15명의 적을 4935%의 데미지로 15번 공격하는 참격이 7회 발생\n30초 동안 일정 시간마다 최대 15명의 적을 5640%의 데미지로 4번 공격하는 영웅의 의지 발동\n재사용 대기시간 360초"
24141500,18,"MP 1200 소비, 시전 동작 중 무적\n운명을 거부하여 최대 15명의 적을 5040%의 데미지로 15번 공격하는 참격이 7회 발생\n30초 동안 일정 시간마다 최대 15명의 적을 5760%의 데미지로 4번 공격하는 영웅의 의지 발동\n재사용 대기시간 360초"
24141500,19,"MP 1200 소비, 시전 동작 중 무적\n운명을 거부하여 최대 15명의 적을 5145%의 데미지로 15번 공격하는 참격이 7회 발생\n30초 동안 일정 시간마다 최대 15명의 적을 5880%의 데미지로 4번 공격하는 영웅의 의지 발동\n재사용 대기시간 360초"
24141500,20,"MP 1200 소비, 시전 동작 중 무적\n운명을 거부하여 최대 15명의 적을 5250%의 데미지로 15번 공격하는 참격이 7회 발생\n30초 동안 일정 시간마다 최대 15명의 적을 6000%의 데미지로 4번 공격하는 영웅의 의지 발동\n재사용 대기시간 360초"
24141500,21,"MP 1200 소비, 시전 동작 중 무적\n운명을 거부하여 최대 15명의 적을 5355%의 데미지로 15번 공격하는 참격이 7회 발생\n30초 동안 일정 시간마다 최대 15명의 적을 6120%의 데미지로 4번 공격하는 영웅의 의지 발동\n재사용 대기시간 360초"
24141500,22,"MP 1200 소비, 시전 동작 중 무적\n운명을 거부하여 최대 15명의 적을 5460%의 데미지로 15번 공격하는 참격이 7회 발생\n30초 동안 일정 시간마다 최대 15명의 적을 6240%의 데미지로 4번 공격하는 영웅의 의지 발동\n재사용 대기시간 360초"
24141500,23,"MP 1200 소비, 시전 동작 중 무적\n운명을 거부하여 최대 15명의 적을 5565%의 데미지로 15번 공격하는 참격이 7회 발생\n30초 동안 일정 시간마다 최대 15명의 적을 6360%의 데미지로 4번 공격하는 영웅의 의지 발동\n재사용 대기시간 360초"
24141500,24,"MP 1200 소비, 시전 동작 중 무적\n운명을 거부하여 최대 15명의 적을 5670%의 데미지로 15번 공격하는 참격이 7회 발생\n30초 동안 일정 시간마다 최대 15명의 적을 6480%의 데미지로 4번 공격하는 영웅의 의지 발동\n재사용 대기시간 360초"
24141500,25,"MP 1200 소비, 시전 동작 중 무적\n운명을 거부하여 최대 15명의 적을 5775%의 데미지로 15번 공격하는 참격이 7회 발생\n30초 동안 일정 시간마다 최대 15명의 적을 6600%의 데미지로 4번 공격하는 영웅의 의지 발동\n재사용 대기시간 360초"
24141500,26,"MP 1200 소비, 시전 동작 중 무적\n운명을 거부하여 최대 15명의 적을 5880%의 데미지로 15번 공격하는 참격이 7회 발생\n30초 동안 일정 시간마다 최대 15명의 적을 6720%의 데미지로 4번 공격하는 영웅의 의지 발동\n재사용 대기시간 360초"
24141500,27,"MP 1200 소비, 시전 동작 중 무적\n운명을 거부하여 최대 15명의 적을 5985%의 데미지로 15번 공격하는 참격이 7회 발생\n30초 동안 일정 시간마다 최대 15명의 적을 6840%의 데미지로 4번 공격하는 영웅의 의지 발동\n재사용 대기시간 360초"
24141500,28,"MP 1200 소비, 시전 동작 중 무적\n운명을 거부하여 최대 15명의 적을 6090%의 데미지로 15번 공격하는 참격이 7회 발생\n30초 동안 일정 시간마다 최대 15명의 적을 6960%의 데미지로 4번 공격하는 영웅의 의지 발동\n재사용 대기시간 360초"
24141500,29,"MP 1200 소비, 시전 동작 중 무적\n운명을 거부하여 최대 15명의 적을 6195%의 데미지로 15번 공격하는 참격이 7회 발생\n30초 동안 일정 시간마다 최대 15명의 적을 7080%의 데미지로 4번 공격하는 영웅의 의지 발동\n재사용 대기시간 360초"
24141500,30,"MP 1200 소비, 시전 동작 중 무적\n운명을 거부하여 최대 15명의 적을 6300%의 데미지로 15번 공격하는 참격이 7회 발생\n30초 동안 일정 시간마다 최대 15명의 적을 7200%의 데미지로 4번 공격하는 영웅의 의지 발동\n재사용 대기시간 360초"
24141501,1,
24141501,2,
24141501,3,
24141501,4,
24141501,5,
24141501,6,
24141501,7,
24141501,8,
24141501,9,
24141501,10,
24141501,11,
24141501,12,
24141501,13,
24141501,14,
24141501,15,
24141501,16,
24141501,17,
24141501,18,
24141501,19,
24141501,20,
24141501,21,
24141501,22,
24141501,23,
24141501,24,
24141501,25,
24141501,26,
24141501,27,
24141501,28,
24141501,29,
24141501,30,
24141502,1,
24141502,2,
24141502,3,
24141502,4,
24141502,5,
24141502,6,
24141502,7,
24141502,8,
24141502,9,
24141502,10,
24141502,11,
24141502,12,
24141502,13,
24141502,14,
24141502,15,
24141502,16,
24141502,17,
24141502,18,
24141502,19,
24141502,20,
24141502,21,
24141502,22,
24141502,23,
24141502,24,
24141502,25,
24141502,26,
24141502,27,
24141502,28,
24141502,29,
24141502,30,
